state,fips,division,year,effective_mw,log_mw,log_p10_all,log_emp_food,log_median_food,log_median_cs,log_emp_all
AK,2,Pacific,2005,7.150000095367432,1.9671123700440185,2.2027647577118348,9.990582259387061,2.2049722641270453,3.3307749173656096,12.612037628679989
AK,2,Pacific,2006,7.150000095367432,1.9671123700440185,2.217027204632399,9.979985523508853,2.238579763018133,3.3724549127965013,12.624421072802445
AK,2,Pacific,2007,7.150000095367432,1.9671123700440185,2.238579763018133,10.035392623416067,2.288486168614544,3.405189402931693,12.617917360602377
AK,2,Pacific,2008,7.150000095367432,1.9671123700440185,2.255493485460195,10.075758773476581,2.303584593327129,3.4183822064162563,12.63717301123017
AK,2,Pacific,2009,7.1941094398498535,1.9732625578140808,2.272125885509337,10.077860939480908,2.299580583973747,3.4429789156771102,12.638309504135766
AK,2,Pacific,2010,7.75,2.0476928433652555,2.298577071596507,10.073230327123223,2.3105532626432224,3.4735180432417816,12.638017386442717
AK,2,Pacific,2011,7.75,2.0476928433652555,2.299580583973747,10.086225689215299,2.336986519711378,3.500741011998417,12.654501453070454
AK,2,Pacific,2012,7.75,2.0476928433652555,2.303584593327129,10.098643067310169,2.3561258599220753,3.5145260669691587,12.672005500405428
AK,2,Pacific,2013,7.75,2.0476928433652555,2.3145136638593193,10.153078273865185,2.365559892155434,3.5339784928959737,12.684354416220135
AK,2,Pacific,2014,7.75,2.0476928433652555,2.337952236831337,10.184522582266116,2.3960754360813845,3.5544905510752844,12.69148814935895
AK,2,Pacific,2015,8.75,2.169053700369523,2.362739015813793,10.225933304924201,2.421256622711544,3.6044102974874863,12.698479683772147
AK,2,Pacific,2016,9.75,2.277267285009756,2.3988039507345884,10.252029513244672,2.458733775483977,3.6141559079179997,12.686954392923091
AK,2,Pacific,2017,9.800000190734863,2.282382405139267,2.422144328051685,10.241387341148526,2.4756977107026903,3.6087534096346516,12.670341110114316
AK,2,Pacific,2018,9.84000015258789,2.286455726571061,2.4527277514237653,10.204702639270494,2.4997952622817508,3.6114583071453517,12.661121253827165
AK,2,Pacific,2019,9.890000343322754,2.291524180348751,2.468946630209271,10.220849779089319,2.528125768907977,3.610647605844363,12.66694092423605
AK,2,Pacific,2020,10.1899995803833,2.3214068060553688,2.510411940196362,10.028797743501574,2.550226115908643,3.671987586443718,12.599127733561657
AK,2,Pacific,2021,10.34000015258789,2.3360198838373325,2.6333266549062735,10.060918560484957,2.6490076604684267,3.6378492830011573,12.597709245701804
AK,2,Pacific,2022,10.34000015258789,2.3360198838373325,2.653241964607215,10.146433731146518,2.670694414558441,3.749974553473747,12.63169979346228
AL,1,East South Central,2005,5.150000095367432,1.6389967331935924,1.8625285401162623,11.908946114250393,1.884034745337226,3.3105430133940246,14.442838397486925
AL,1,East South Central,2006,5.150000095367432,1.6389967331935924,1.8870696490323797,11.937146901560837,1.9110228900548727,3.3617633124167483,14.463775428735778
AL,1,East South Central,2007,5.458767123287624,1.6972229626641218,1.9080599249242156,11.944448107397683,1.9487632180377197,3.4137844971676268,14.47405076568373
AL,1,East South Central,2008,6.157923698425293,1.8177396587833377,1.9629077254238845,11.933870143926779,2.005525858729668,3.4384931664058525,14.480926764785908
AL,1,East South Central,2009,6.858767123287659,1.925527705948917,2.012232791986386,11.900226602450722,2.05668455455722,3.4719664525503626,14.438031390783912
AL,1,East South Central,2010,7.25,1.9810014688665833,2.0693912058263346,11.862243412455392,2.1329823086078656,3.487986511734546,14.407444167946924
AL,1,East South Central,2011,7.25,1.9810014688665833,2.1077860146889784,11.864427050134964,2.1644717908644115,3.4876808415502927,14.408516909900554
AL,1,East South Central,2012,7.25,1.9810014688665833,2.1090003439213802,11.899479548186632,2.163323025660538,3.5004392163118045,14.416761723819683
AL,1,East South Central,2013,7.25,1.9810014688665833,2.1126345090356,11.933279185572143,2.166765369851511,3.5316406776874447,14.42749106610556
AL,1,East South Central,2014,7.25,1.9810014688665833,2.1162555148025524,11.976093283206682,2.167910189667444,3.562749176969724,14.434758206183872
AL,1,East South Central,2015,7.25,1.9810014688665833,2.1234584270966104,11.995721916014716,2.180417459019838,3.58351893845611,14.448541424997234
AL,1,East South Central,2016,7.25,1.9810014688665833,2.134166441369082,12.030230054833929,2.199444334074532,3.5934692693092782,14.464178021017196
AL,1,East South Central,2017,7.25,1.9810014688665833,2.1447610078004784,12.062779475703698,2.2126603854660587,3.6189933266497696,14.469173390622352
AL,1,East South Central,2018,7.25,1.9810014688665833,2.1598687907924505,12.092847954815545,2.2202898502672155,3.6373229671995344,14.480134799590981
AL,1,East South Central,2019,7.25,1.9810014688665833,2.172476407647025,12.138328993443654,2.2289385528257473,3.643358938812127,14.495658614821693
AL,1,East South Central,2020,7.25,1.9810014688665833,2.194999882314108,12.015093721645037,2.2353763433005955,3.665098925448533,14.459052492265615
AL,1,East South Central,2021,7.25,1.9810014688665833,2.192770226986839,11.978858319845482,2.2975725511705014,3.648057459593681,14.472050806467022
AL,1,East South Central,2022,7.25,1.9810014688665833,2.3398808777377424,12.02202960783788,2.3813962734183356,3.711374531941307,14.510655741186893
AR,5,West South Central,2005,5.150000095367432,1.6389967331935924,1.8656293177945105,11.384978450639606,1.8809906029559975,3.080532875246456,13.948615609718443
AR,5,West South Central,2006,5.427260398864746,1.6914344760316462,1.888583653863595,11.428020957879784,1.9080599249242156,3.1424266527047946,13.969809798184462
AR,5,West South Central,2007,6.25,1.8325814637483102,1.9615022438151495,11.445502788652794,1.9878743481543455,3.2100368762009963,13.974870503120881
AR,5,West South Central,2008,6.381967067718506,1.8534763676607426,1.9974177062012453,11.469704762515665,2.0241930674493576,3.2653776585196206,13.97767192354369
AR,5,West South Central,2009,6.858767123287659,1.925527705948917,2.0149030205422647,11.468032696079492,2.057962510002712,3.2669037938787824,13.953235644748082
AR,5,West South Central,2010,7.25,1.9810014688665833,2.0693912058263346,11.468137282180095,2.130609828254235,3.2718477096343066,13.942636479290279
AR,5,West South Central,2011,7.25,1.9810014688665833,2.1016921506146558,11.459841093877774,2.1564025828159643,3.332561589272017,13.946249304780874
AR,5,West South Central,2012,7.25,1.9810014688665833,2.105352923464337,11.495066946668915,2.1564025828159643,3.374168709274236,13.959628217805426
AR,5,West South Central,2013,7.25,1.9810014688665833,2.105352923464337,11.495677571560675,2.1564025828159643,3.3921566370100065,13.957530817984702
AR,5,West South Central,2014,7.25,1.9810014688665833,2.1077860146889784,11.510221813395914,2.157559320943788,3.4170707308184456,13.962886915223253
AR,5,West South Central,2015,7.5,2.0149030205422647,2.1174596088673567,11.520595971274448,2.1713368063840917,3.4314032237192214,13.977739945548835
AR,5,West South Central,2016,8.0,2.0794415416798357,2.1598687907924505,11.564663660374643,2.2027647577118348,3.4394560937792455,13.990572494028969
AR,5,West South Central,2017,8.5,2.1400661634962708,2.199444334074532,11.57524277103509,2.2300144001592104,3.4397768636296306,13.99794044222393
AR,5,West South Central,2018,8.5,2.1400661634962708,2.2181159363675955,11.59781793198819,2.247072383063787,3.418054498728578,14.006230086209271
AR,5,West South Central,2019,9.25,2.224623551524334,2.2407096892759584,11.608326549733482,2.2793164660546914,3.456947396766647,14.012244423361098
AR,5,West South Central,2020,10.0,2.302585092994046,2.303584593327129,11.510221813395914,2.330200260027019,3.5133348815990053,13.979209790630135
AR,5,West South Central,2021,11.0,2.3978952727983707,2.411439497906128,11.523172781421778,2.432735777459091,3.607940511608584,13.990303848337437
AR,5,West South Central,2022,11.0,2.3978952727983707,2.4672517145492794,11.567697700817208,2.5384474167160302,3.600321427132145,14.023215545589293
AZ,4,Mountain,2005,5.150000095367432,1.6389967331935924,1.944480556245719,12.333850015472,1.9810014688665833,3.3087165288679903,14.706319365823738
AZ,4,Mountain,2006,5.150000095367432,1.6389967331935924,1.9754689512968577,12.386433948948943,2.033397603178429,3.342154841028372,14.76102994049856
AZ,4,Mountain,2007,6.75,1.9095425048844386,2.0241930674493576,12.400693257911145,2.0693912058263346,3.393837027255863,14.789315196039036
AZ,4,Mountain,2008,6.900000095367432,1.9315214254245805,2.060513531794317,12.373999426206453,2.1090003439213802,3.4394560937792455,14.785467167423207
AZ,4,Mountain,2009,7.25,1.9810014688665833,2.096790180014449,12.330146960632101,2.1736147116970854,3.4682327829983137,14.723414216461336
AZ,4,Mountain,2010,7.25,1.9810014688665833,2.1234584270966104,12.296141842619042,2.190535589185423,3.503152104185149,14.677184584295984
AZ,4,Mountain,2011,7.349999904632568,1.9947003002495844,2.151762203259462,12.302700139113766,2.2071749081893874,3.5290040861498118,14.682695075730477
AZ,4,Mountain,2012,7.650000095367432,2.0347056603047755,2.1598687907924505,12.321497346945591,2.206074192613202,3.543853682063679,14.6969365157923
AZ,4,Mountain,2013,7.800000190734863,2.0541237581487333,2.1701959049483,12.351903093741713,2.21046980408624,3.5743099993708003,14.722017585102359
AZ,4,Mountain,2014,7.900000095367432,2.0668627715448027,2.178155014615869,12.392261713850617,2.21375387928743,3.5796224681769866,14.742539429100926
AZ,4,Mountain,2015,8.050000190734863,2.0856721151242437,2.192770226986839,12.424243855217826,2.2267833795777636,3.6141559079179997,14.766036519170862
AZ,4,Mountain,2016,8.050000190734863,2.0856721151242437,2.2082744135228043,12.449293296273563,2.247072383063787,3.6046822953131805,14.79119786379502
AZ,4,Mountain,2017,10.0,2.302585092994046,2.303584593327129,12.47193079925192,2.3456445824544927,3.644143560272545,14.810261207098293
AZ,4,Mountain,2018,10.5,2.3513752571634776,2.379546134130174,12.486918906972672,2.4406063908914204,3.6386382376771897,14.841380095985699
AZ,4,Mountain,2019,11.0,2.3978952727983707,2.4414770918606643,12.501722887631132,2.506341930508065,3.6805952345262387,14.868713959497267
AZ,4,Mountain,2020,12.0,2.4849066497880004,2.502255288122613,12.392967064169262,2.5572273113676265,3.6951100038645723,14.857591295096729
AZ,4,Mountain,2021,12.149999618530272,2.4973291383898717,2.6195832197798796,12.407665642813939,2.6518325211039815,3.6903783302376723,14.873540406749958
AZ,4,Mountain,2022,12.800000190734863,2.5494451858267326,2.642622395779755,12.52237861731852,2.719978771967484,3.7981821890043865,14.924607688074659
CA,6,Pacific,2005,6.75,1.9095425048844386,2.0681277817795625,13.97858133516609,2.1102132003465894,3.5570608794930885,16.504982581825278
CA,6,Pacific,2006,6.75,1.9095425048844386,2.081938421878423,14.01226085141035,2.1198634561787513,3.5843519247600018,16.527934513575513
CA,6,Pacific,2007,7.5,2.0149030205422647,2.1198634561787513,14.044182797875362,2.1656192379208883,3.6157709822932977,16.5369724193341
CA,6,Pacific,2008,8.0,2.0794415416798357,2.166765369851511,14.065685448329514,2.209372711271867,3.65402917667819,16.53763524714742
CA,6,Pacific,2009,8.0,2.0794415416798357,2.191653532286764,14.038326055474718,2.2321626286975,3.6911269266544156,16.491907712091148
CA,6,Pacific,2010,8.0,2.0794415416798357,2.1983350716202463,14.01467284362088,2.2278615467981093,3.7052448082002005,16.454691451373783
CA,6,Pacific,2011,8.0,2.0794415416798357,2.201659174404085,14.036026660556198,2.225704048658088,3.7428940424201746,16.457346167440516
CA,6,Pacific,2012,8.0,2.0794415416798357,2.201659174404085,14.075710944474084,2.2267833795777636,3.7483269127573564,16.476023909170497
CA,6,Pacific,2013,8.0,2.0794415416798357,2.206074192613202,14.119282491565002,2.2375130962503307,3.783052624131186,16.504345998942533
CA,6,Pacific,2014,8.504109382629395,2.1405495034486233,2.21375387928743,14.163438356931318,2.265921108622454,3.8205653949393112,16.531511071413362
CA,6,Pacific,2015,9.0,2.1972245773362196,2.2491843162669305,14.191436996961555,2.3504224224082058,3.8611506750543896,16.556131202988976
CA,6,Pacific,2016,10.0,2.302585092994046,2.33214389523559,14.225286361659522,2.4344901638739844,3.8645120227570944,16.586008345723354
CA,6,Pacific,2017,10.5,2.3513752571634776,2.3804716316511167,14.258945597324066,2.4672517145492794,3.8776385785663154,16.630620430341445
CA,6,Pacific,2018,11.0,2.3978952727983707,2.428336298299606,14.282114665378009,2.502255288122613,3.905401129119259,16.64917615268092
CA,6,Pacific,2019,12.0,2.4849066497880004,2.4790562361098245,14.302549508652744,2.5710843460290524,3.9390543444791764,16.67096875802635
CA,6,Pacific,2020,13.0,2.5649493574615367,2.5847519847577165,14.09991476407717,2.6658383522929006,3.9863880873834527,16.614659659626604
CA,6,Pacific,2021,14.0,2.6390573296152584,2.6616571615324998,14.029040041882421,2.698673039289613,4.060960118202517,16.620675975478274
CA,6,Pacific,2022,15.0,2.70805020110221,2.7186603802142257,14.220368815309088,2.8118094353930627,4.125035409542898,16.685443753066803
CO,8,Mountain,2005,5.150000095367432,1.6389967331935924,2.0476928433652555,12.182087282779662,2.089391872533004,3.502549875922443,14.581685127057696
CO,8,Mountain,2006,5.150000095367432,1.6389967331935924,2.064327903869788,12.191314274554628,2.0943301541735866,3.511843901749219,14.607199056212037
CO,8,Mountain,2007,6.849999904632568,1.924248638351881,2.089391872533004,12.216765275068918,2.131796772013764,3.576270509731282,14.630096306794602
CO,8,Mountain,2008,7.019999980926514,1.9487632153206988,2.1198634561787513,12.243946297958255,2.1770218700187,3.6133473915014993,14.649436555011954
CO,8,Mountain,2009,7.28000020980835,1.9851308910284224,2.145931282948669,12.239410705140685,2.1983350716202463,3.6462328793924637,14.619416159243638
CO,8,Mountain,2010,7.25,1.9810014688665833,2.1610215286722587,12.21933431951336,2.206074192613202,3.641263600172273,14.584548762952155
CO,8,Mountain,2011,7.360000133514404,1.9960599508813288,2.1736147116970854,12.243753712497861,2.206074192613202,3.6373229671995344,14.594404149114434
CO,8,Mountain,2012,7.639999866485596,2.0333975857027218,2.1838015570040787,12.262972692662986,2.21375387928743,3.65402917667819,14.615788686042269
CO,8,Mountain,2013,7.78000020980835,2.0515563651579543,2.192770226986839,12.296461645257855,2.217027204632399,3.674526947889536,14.646243401476783
CO,8,Mountain,2014,8.0,2.0794415416798357,2.2049722641270453,12.341302594790278,2.2213750375685026,3.7140597526442347,14.677463365264654
CO,8,Mountain,2015,8.229999542236328,2.1077859590676318,2.2202898502672155,12.372307163671197,2.2417729535972883,3.74879794432518,14.712206560929882
CO,8,Mountain,2016,8.3100004196167,2.1174596593627464,2.2438960966453663,12.408115126936329,2.280339484046726,3.783734985126615,14.734868580887895
CO,8,Mountain,2017,9.300000190734863,2.230014420668335,2.2844211223663744,12.419731357633168,2.3561258599220753,3.7950396499423267,14.753680191556871
CO,8,Mountain,2018,10.199999809265137,2.3223877015907286,2.3804716316511167,12.449998736026911,2.432735777459091,3.8079949350040985,14.778929120716207
CO,8,Mountain,2019,11.100000381469728,2.40694514268493,2.4344901638739844,12.4662807409812,2.4932054526026954,3.820346216856242,14.80076376086329
CO,8,Mountain,2020,12.0,2.4849066497880004,2.512035317176253,12.28247797673258,2.5572273113676265,3.8392372357024933,14.76252446248127
CO,8,Mountain,2021,12.31999969482422,2.511223933334612,2.63834278867739,12.315061570542003,2.6658383522929006,3.8745288010005656,14.77919619537279
CO,8,Mountain,2022,12.5600004196167,2.530517194449025,2.6864860231863696,12.448312692535373,2.785628335747585,3.9382753765722116,14.833064623497522
CT,9,New England,2005,7.099999904632568,1.960094770615237,2.155244505095337,11.676573756498561,2.214846178686039,3.4907333469730104,14.31511546427764
CT,9,New England,2006,7.400000095367432,2.001480013097615,2.1736147116970854,11.697245024426856,2.214846178686039,3.5210523434704344,14.32171351364482
CT,9,New England,2007,7.650000095367432,2.0347056603047755,2.194999882314108,11.721970091904936,2.248128907197987,3.569250966658405,14.335624907632521
CT,9,New England,2008,7.650000095367432,2.0347056603047755,2.217027204632399,11.750366320985263,2.269028309465203,3.597860055726768,14.344849743243921
CT,9,New England,2009,8.0,2.0794415416798357,2.2213750375685026,11.728439989119947,2.28949985344539,3.6299253112702656,14.31564927967512
CT,9,New England,2010,8.25,2.1102132003465894,2.2278615467981093,11.714804520979714,2.2731562823032334,3.618188713491167,14.284663825755171
CT,9,New England,2011,8.25,2.1102132003465894,2.231089091288976,11.731498587769677,2.259677591982769,3.6386382376771897,14.291011548989363
CT,9,New England,2012,8.25,2.1102132003465894,2.2364452904895007,11.77344186934924,2.2512917986064953,3.6477970090127063,14.298319350040842
CT,9,New England,2013,8.25,2.1102132003465894,2.2364452904895007,11.805147217464041,2.2731562823032334,3.6712245188752153,14.30751415348964
CT,9,New England,2014,8.699999809265137,2.1633230037369904,2.2460147415056513,11.817612136237834,2.2834022735772717,3.694612985961697,14.314168454269332
CT,9,New England,2015,9.149999618530272,2.2137538375967485,2.2648832258100344,11.815840918062598,2.315501318260592,3.7064737625148876,14.321984727872573
CT,9,New England,2016,9.600000381469728,2.26176313821022,2.316487998163037,11.815101983572461,2.3749057545736716,3.7297814454343623,14.326104154814102
CT,9,New England,2017,10.100000381469728,2.312535461616493,2.378619779270043,11.830869975548897,2.423031246069913,3.74879794432518,14.31896105219803
CT,9,New England,2018,10.100000381469728,2.312535461616493,2.4203681286504293,11.840356956939292,2.4740142086215764,3.753027273937688,14.322448635003072
CT,9,New England,2019,10.326849937438965,2.334747293494212,2.446685436967803,11.832687430885422,2.5128460184772416,3.770459441106359,14.325395739653208
CT,9,New England,2020,11.333333015441896,2.427748207898807,2.4965057856313524,11.579649097013137,2.580216829592325,3.785098311854479,14.247857749939008
CT,9,New England,2021,12.419178009033203,2.5192418914675834,2.624668592163159,11.616113622766397,2.6468837658647226,3.85925493988949,14.26885112631347
CT,9,New England,2022,13.504109382629396,2.602994037837784,2.6539459421090092,11.724482147032518,2.7324175575505043,3.880119456415138,14.305016524325566
DC,11,South Atlantic,2005,6.599999904632568,1.8870696345827689,2.285438934159075,10.553205175168737,2.2512917986064953,3.5148236417370144,13.323163155444057
DC,11,South Atlantic,2006,7.0,1.9459101490553132,2.3243465847755584,10.609797719622355,2.3145136638593193,3.559909072816976,13.320230145533746
DC,11,South Atlantic,2007,7.0,1.9459101490553132,2.377692565480851,10.603858578185394,2.3693087250369538,3.600321427132145,13.339038050569945
DC,11,South Atlantic,2008,7.241940021514893,1.9798891292758602,2.414126467726953,10.664526999138992,2.414126467726953,3.6597080768136565,13.362167369611646
DC,11,South Atlantic,2009,7.858767032623291,2.0616297280578832,2.405141681319138,10.636576340189022,2.4078456036515385,3.7020424406402173,13.364807469205916
DC,11,South Atlantic,2010,8.25,2.1102132003465894,2.425687290128029,10.67151026774118,2.425687290128029,3.723522397557476,13.368269875823394
DC,11,South Atlantic,2011,8.25,2.1102132003465894,2.4344901638739844,10.694441793098985,2.3978952727983707,3.765840495250065,13.376586903487361
DC,11,South Atlantic,2012,8.25,2.1102132003465894,2.446685436967803,10.795485591841238,2.400618833265411,3.7896293572140793,13.390495590611394
DC,11,South Atlantic,2013,8.25,2.1102132003465894,2.446685436967803,10.81376021208472,2.367436065313662,3.8099902798629945,13.40881969893029
DC,11,South Atlantic,2014,8.88013744354248,2.183817034760703,2.435366204227864,10.889117762488896,2.3813962734183356,3.8360055190042304,13.421949316858933
DC,11,South Atlantic,2015,10.004109382629396,2.302995946844982,2.4414770918606643,10.899143839791023,2.3978952727983707,3.8751515306522415,13.424037108482846
DC,11,South Atlantic,2016,11.002732276916504,2.3981436307655684,2.4865719291070616,10.927196681177554,2.4664031782234406,3.912023005428146,13.462229847093557
DC,11,South Atlantic,2017,12.004109382629396,2.4852490397183273,2.543175557911976,10.920166458441551,2.5572273113676265,3.9333930311643384,13.470510058871179
DC,11,South Atlantic,2018,12.878082275390623,2.555526817928525,2.6232182655855123,10.988845725525822,2.6762154775821916,3.947776175133964,13.476352718337445
DC,11,South Atlantic,2019,13.628082275390623,2.612132537011977,2.683074215032033,11.007087382715277,2.73696154459663,3.971234865059992,13.491869646658225
DC,11,South Atlantic,2020,14.502732276916504,2.6743370645660747,2.73046379593911,10.640890824350612,2.7819200496686656,4.00314259879563,13.440322440740381
DC,11,South Atlantic,2021,15.100821495056152,2.714749145987157,2.851284369188118,10.3815833516792,2.837908188360424,3.973494327516247,13.402960410132879
DC,11,South Atlantic,2022,15.653698921203612,2.750707241851804,2.845490610223448,10.720399840430005,2.859339648648436,4.044278584548617,13.444519337716185
DE,10,South Atlantic,2005,6.150000095367432,1.8164520973253258,2.018895041811802,10.436172510655013,2.1186622548331173,3.3857452771032337,12.942159576581375
DE,10,South Atlantic,2006,6.150000095367432,1.8164520973253258,2.050270164379556,10.45880841618867,2.134166441369082,3.502549875922443,12.958125324000644
DE,10,South Atlantic,2007,6.650000095367432,1.89461686900873,2.089391872533004,10.45189793662939,2.182674796321488,3.5248888540047054,12.96210072412932
DE,10,South Atlantic,2008,7.150000095367432,1.9671123700440185,2.1377104498038118,10.44668355633257,2.2159372862683733,3.571783682237689,12.960338443517687
DE,10,South Atlantic,2009,7.1941094398498535,1.9732625578140808,2.149433913499871,10.466241269162477,2.238579763018133,3.5890591188317256,12.930161167329668
DE,10,South Atlantic,2010,7.25,1.9810014688665833,2.157559320943788,10.469937080050116,2.224623551524334,3.5942940116240685,12.893528662094829
DE,10,South Atlantic,2011,7.25,1.9810014688665833,2.1656192379208883,10.537680590252403,2.2235418856535927,3.609294974771094,12.907758269610174
DE,10,South Atlantic,2012,7.25,1.9810014688665833,2.1701959049483,10.558413520275876,2.224623551524334,3.6457109587125576,12.913492485376837
DE,10,South Atlantic,2013,7.25,1.9810014688665833,2.180417459019838,10.569006565978599,2.2321626286975,3.65402917667819,12.929118376435982
DE,10,South Atlantic,2014,7.543150901794434,2.0206399862122093,2.194999882314108,10.589358324125298,2.2407096892759584,3.714547200862514,12.958266733381036
DE,10,South Atlantic,2015,8.043150901794434,2.0848209096251336,2.2082744135228043,10.614965689780798,2.2512917986064953,3.7462045207332055,12.980431081514942
DE,10,South Atlantic,2016,8.25,2.1102132003465894,2.2181159363675955,10.630794584742778,2.2617630984737906,3.7857792788538958,12.996255788601713
DE,10,South Atlantic,2017,8.25,2.1102132003465894,2.2417729535972883,10.616927436363836,2.3204250111223765,3.7679216614538893,13.000625029804612
DE,10,South Atlantic,2018,8.25,2.1102132003465894,2.2669579153508947,10.677984278792396,2.330200260027019,3.7702289998102594,13.01368625677646
DE,10,South Atlantic,2019,8.87602710723877,2.183354059058335,2.300583090323373,10.681894577046897,2.373043556642607,3.7739097032985116,13.02121619539937
DE,10,South Atlantic,2020,9.25,2.224623551524334,2.3608540011180215,10.444648376098192,2.410542234499138,3.8375149532530846,12.963086246418532
DE,10,South Atlantic,2021,9.25,2.224623551524334,2.428336298299606,10.542442504012646,2.5756610130564646,3.8828001467512427,12.984479670040942
DE,10,South Atlantic,2022,10.5,2.3513752571634776,2.5494451709255714,10.623763400484325,2.6217658325051976,3.926911617921897,13.029172949337983
FL,12,South Atlantic,2005,5.818493366241455,1.7610413564504448,1.9416152247724325,13.486367397926875,2.0149030205422647,3.267284964075888,15.845609532928481
FL,12,South Atlantic,2006,6.400000095367432,1.8562980052667872,1.9878743481543455,13.514067570262457,2.0781907597781832,3.3061538329752613,15.878468234160648
FL,12,South Atlantic,2007,6.670000076293945,1.897619871365905,2.028148247292285,13.51344554514504,2.138889000323256,3.338257581888281,15.890317627046906
FL,12,South Atlantic,2008,6.789999961853027,1.9154509359524938,2.057962510002712,13.510221047025343,2.163323025660538,3.3703944725071104,15.866004635497347
FL,12,South Atlantic,2009,7.227643966674805,1.9779131140008535,2.081938421878423,13.476352718337445,2.1770218700187,3.3833727967496032,15.811018708066232
FL,12,South Atlantic,2010,7.25,1.9810014688665833,2.1065702090680887,13.471582596371679,2.190535589185423,3.4173987610001633,15.776161525341086
FL,12,South Atlantic,2011,7.285178184509277,1.9858418984433517,2.125847914493992,13.502469651045603,2.2027647577118348,3.4490347110763153,15.782860648646992
FL,12,South Atlantic,2012,7.670000076293945,2.0373166253262243,2.1412419425852827,13.550163850431625,2.206074192613202,3.4772320679381528,15.799796282925191
FL,12,South Atlantic,2013,7.789999961853027,2.052840854985741,2.150598735996164,13.593304067471404,2.2126603854660587,3.4741380060638707,15.824158053444023
FL,12,South Atlantic,2014,7.929999828338623,2.070653013999672,2.162172939277301,13.631407415087889,2.217027204632399,3.4925603876761278,15.852211599301224
FL,12,South Atlantic,2015,8.050000190734863,2.0856721151242437,2.1770218700187,13.675949595391321,2.2438960966453663,3.501344330267094,15.88557073190073
FL,12,South Atlantic,2016,8.050000190734863,2.0856721151242437,2.196112848483529,13.719363027679869,2.281361456542419,3.5139306516493947,15.922327695180568
FL,12,South Atlantic,2017,8.100000381469727,2.0918641087734198,2.21046980408624,13.733844867299396,2.316487998163037,3.5397992310997837,15.946005177682023
FL,12,South Atlantic,2018,8.25,2.1102132003465894,2.2278615467981093,13.746996143427111,2.318458442150336,3.565298392342582,15.968279231306942
FL,12,South Atlantic,2019,8.460000038146973,2.1353491781272305,2.252343876557299,13.764406719313063,2.347558458636777,3.592919062968025,15.989585914401522
FL,12,South Atlantic,2020,8.5600004196167,2.147100239174292,2.28949985344539,13.618144396510424,2.4069451083182885,3.6082115510464816,15.948700191050499
FL,12,South Atlantic,2021,8.926904678344727,2.1890697142355138,2.391511302188447,13.61580273212768,2.4849066497880004,3.629129449708162,15.967924874133281
FL,12,South Atlantic,2022,10.254794120788574,2.327745315339257,2.489064659936664,13.73031208213039,2.6210388241125804,3.7198935076431057,16.0358948663109
GA,13,South Atlantic,2005,5.150000095367432,1.6389967331935924,1.9125010869241836,12.692410885644893,1.925707441737794,3.3748534063225533,15.177517349452817
GA,13,South Atlantic,2006,5.150000095367432,1.6389967331935924,1.937301774518713,12.719105830838165,1.9782390361706734,3.40552135314221,15.202199841092202
GA,13,South Atlantic,2007,5.458767123287624,1.6972229626641218,1.958685340544036,12.759181595550901,2.012232791986386,3.4483989831464497,15.2162919731316
GA,13,South Atlantic,2008,6.157923698425293,1.8177396587833377,2.005525858729668,12.77770169865499,2.0515563381903004,3.505557396986398,15.2187284056295
GA,13,South Atlantic,2009,6.858767123287659,1.925527705948917,2.033397603178429,12.728728021049742,2.1016921506146558,3.5269485869677157,15.173703753973255
GA,13,South Atlantic,2010,7.25,1.9810014688665833,2.0918640616783932,12.689362619101644,2.157559320943788,3.527830032595521,15.135862746622166
GA,13,South Atlantic,2011,7.25,1.9810014688665833,2.1174596088673567,12.700067421884691,2.175887439948088,3.5354368568703585,15.145036135210955
GA,13,South Atlantic,2012,7.25,1.9810014688665833,2.1234584270966104,12.738875002099533,2.174751721484161,3.5499047018233476,15.154590138346357
GA,13,South Atlantic,2013,7.25,1.9810014688665833,2.125847914493992,12.770221002978001,2.175887439948088,3.584629432740137,15.171258078893844
GA,13,South Atlantic,2014,7.25,1.9810014688665833,2.128231705849268,12.805705532715974,2.178155014615869,3.6016862424115588,15.197608626952755
GA,13,South Atlantic,2015,7.25,1.9810014688665833,2.135349173618132,12.843151993820435,2.186051276738094,3.618188713491167,15.228437112884835
GA,13,South Atlantic,2016,7.25,1.9810014688665833,2.145931282948669,12.890052938265303,2.194999882314108,3.6620219999440535,15.254020163345292
GA,13,South Atlantic,2017,7.25,1.9810014688665833,2.1587147225743437,12.928657261743735,2.21046980408624,3.6735119769828146,15.274946174117428
GA,13,South Atlantic,2018,7.25,1.9810014688665833,2.175887439948088,12.945387506935127,2.2289385528257473,3.706964921660321,15.29591892921726
GA,13,South Atlantic,2019,7.25,1.9810014688665833,2.1983350716202463,12.940745572918617,2.256541154492639,3.7220724214697003,15.313314987423633
GA,13,South Atlantic,2020,7.25,1.9810014688665833,2.2300144001592104,12.788372060754588,2.277267285009756,3.7600366484302645,15.276123583326465
GA,13,South Atlantic,2021,7.25,1.9810014688665833,2.330200260027019,12.813144374621892,2.3739750890807185,3.83557383326474,15.292200770606387
GA,13,South Atlantic,2022,7.25,1.9810014688665833,2.3960754360813845,12.879374197869414,2.502255288122613,3.8661884690843467,15.344237205957224
HI,15,Pacific,2005,6.25,1.8325814637483102,1.9919755158985601,11.168320245118826,2.188295946591918,3.3079849999399764,13.27702249938154
HI,15,Pacific,2006,6.75,1.9095425048844386,2.0294631718735947,11.174511344111675,2.2126603854660587,3.3350575791576103,13.303233881930968
HI,15,Pacific,2007,7.25,1.9810014688665833,2.0906287310704004,11.185393147918488,2.277267285009756,3.3782698770184507,13.321722303782584
HI,15,Pacific,2008,7.25,1.9810014688665833,2.130609828254235,11.17268614177977,2.278292400425001,3.4035279970004377,13.325173600625599
HI,15,Pacific,2009,7.25,1.9810014688665833,2.155244505095337,11.134589024250317,2.2905125117597764,3.4330189939851112,13.284159045411558
HI,15,Pacific,2010,7.25,1.9810014688665833,2.167910189667444,11.112895559352003,2.277267285009756,3.4547381485901854,13.256247207915322
HI,15,Pacific,2011,7.25,1.9810014688665833,2.180417459019838,11.161664410875575,2.316487998163037,3.507956918233689,13.265978755316205
HI,15,Pacific,2012,7.25,1.9810014688665833,2.186051276738094,11.188302744706165,2.3282528397426234,3.5004392163118045,13.284839305977577
HI,15,Pacific,2013,7.25,1.9810014688665833,2.1938856760707046,11.223241389847775,2.379546134130174,3.506457892319648,13.308344895029771
HI,15,Pacific,2014,7.25,1.9810014688665833,2.200552367428894,11.253506857791306,2.403334996094189,3.5254777821724925,13.325434825116881
HI,15,Pacific,2015,7.75,2.0476928433652555,2.222459048514761,11.271108648390397,2.424802725718295,3.5539184686798193,13.337410238810987
HI,15,Pacific,2016,8.5,2.1400661634962708,2.25758772706331,11.305286100191983,2.481567748522486,3.579901291544191,13.35683452852304
HI,15,Pacific,2017,9.25,2.224623551524334,2.3115448343655176,11.31593687113287,2.5756610130564646,3.617383452408866,13.358209903213217
HI,15,Pacific,2018,10.100000381469728,2.312535461616493,2.3988039507345884,11.359424573984468,2.673458756332591,3.6270040503958487,13.372016426358568
HI,15,Pacific,2019,10.100000381469728,2.312535461616493,2.454447442303292,11.355452606145665,2.7549337870010606,3.6375861597263857,13.362167369611646
HI,15,Pacific,2020,10.100000381469728,2.312535461616493,2.502255288122613,11.098924025839777,2.7813006628418027,3.6555811687124216,13.260402096752737
HI,15,Pacific,2021,10.100000381469728,2.312535461616493,2.6181254935742233,10.961625008638519,2.673458756332591,3.6617651616223643,13.214778461369106
HI,15,Pacific,2022,10.578904151916504,2.35886184374207,2.5945081597030812,11.212630854467603,2.670694414558441,3.7376696182833684,13.296114983515217
IA,19,West North Central,2005,5.150000095367432,1.6389967331935924,1.9329696377795786,11.726907174492052,1.9685099809725544,3.26918863874179,14.184691968995192
IA,19,West North Central,2006,5.150000095367432,1.6389967331935924,1.9530276168241774,11.750918219134643,1.9892432737616872,3.2991646560970036,14.200936210734712
IA,19,West North Central,2007,5.94109582901001,1.7818935993579759,1.9933388426264242,11.776212380587287,2.028148247292285,3.3572454941329726,14.213185400597375
IA,19,West North Central,2008,7.25,1.9810014688665833,2.050270164379556,11.784478155492126,2.0731719286662407,3.3775875160230218,14.222707498917197
IA,19,West North Central,2009,7.25,1.9810014688665833,2.075684492802124,11.767800214445892,2.128231705849268,3.392492941032009,14.20154137093364
IA,19,West North Central,2010,7.25,1.9810014688665833,2.1090003439213802,11.728278750809375,2.162172939277301,3.389799336709786,14.179118413635361
IA,19,West North Central,2011,7.25,1.9810014688665833,2.1329823086078656,11.721726654568561,2.182674796321488,3.4137844971676268,14.186460132845205
IA,19,West North Central,2012,7.25,1.9810014688665833,2.138889000323256,11.725452863821248,2.182674796321488,3.443937535338314,14.201276233451505
IA,19,West North Central,2013,7.25,1.9810014688665833,2.1435893615035875,11.75249339469858,2.1849270495258133,3.4759955917373415,14.215359927286803
IA,19,West North Central,2014,7.25,1.9810014688665833,2.1540850846756014,11.759316683004128,2.1849270495258133,3.505557396986398,14.229433133985111
IA,19,West North Central,2015,7.25,1.9810014688665833,2.163323025660538,11.783868213417712,2.1938856760707046,3.5148236417370144,14.238782839722305
IA,19,West North Central,2016,7.25,1.9810014688665833,2.186051276738094,11.803278965977169,2.222459048514761,3.534853766474829,14.243982305362692
IA,19,West North Central,2017,7.25,1.9810014688665833,2.211565694606877,11.801856756822442,2.255493485460195,3.571783682237689,14.24434056837717
IA,19,West North Central,2018,7.25,1.9810014688665833,2.2438960966453663,11.794035992038971,2.299580583973747,3.5986811861957873,14.24839626164843
IA,19,West North Central,2019,7.25,1.9810014688665833,2.280339484046726,11.791692920032435,2.355177543113216,3.6238074573702215,14.253417041097771
IA,19,West North Central,2020,7.25,1.9810014688665833,2.331172549845958,11.6545118290321,2.4078456036515385,3.6430972614588084,14.200718535505294
IA,19,West North Central,2021,7.25,1.9810014688665833,2.4096441652874536,11.651469274418288,2.4449523342809676,3.6477970090127063,14.210905127994671
IA,19,West North Central,2022,7.25,1.9810014688665833,2.485739636091892,11.686458515731104,2.5771819258971713,3.688129172723232,14.234536632445142
ID,16,Mountain,2005,5.150000095367432,1.6389967331935924,1.9050881545350582,10.811342805589181,1.9035989509835904,3.2208738275308737,13.300492826246074
ID,16,Mountain,2006,5.150000095367432,1.6389967331935924,1.937301774518713,10.834863921828324,1.944480556245719,3.2204745462318978,13.344418336416883
ID,16,Mountain,2007,5.458767123287624,1.6972229626641218,1.969905654611529,10.884066774292645,2.0068708488450007,3.251536607107749,13.372281275435093
ID,16,Mountain,2008,6.157923698425293,1.8177396587833377,2.0425181875752383,10.922695818416969,2.0794415416798357,3.232384174892993,13.385096804492145
ID,16,Mountain,2009,6.858767123287659,1.925527705948917,2.0554049638515948,10.851858177873694,2.1126345090356,3.201933104137889,13.328596754244597
ID,16,Mountain,2010,7.25,1.9810014688665833,2.1004689088719113,10.806287694227784,2.1610215286722587,3.306520334720247,13.295896428165204
ID,16,Mountain,2011,7.25,1.9810014688665833,2.1198634561787513,10.794870648704098,2.178155014615869,3.3123661679555396,13.292494262320874
ID,16,Mountain,2012,7.25,1.9810014688665833,2.122261538862764,10.855145428247575,2.174751721484161,3.416742592997618,13.302248635497934
ID,16,Mountain,2013,7.25,1.9810014688665833,2.1234584270966104,10.882001627590414,2.179286876649552,3.379973745210529,13.32612021491835
ID,16,Mountain,2014,7.25,1.9810014688665833,2.131796772013764,10.932571111885405,2.182674796321488,3.3697067145707846,13.350518350541456
ID,16,Mountain,2015,7.25,1.9810014688665833,2.1424163408412245,10.946058450320614,2.1938856760707046,3.422958873443668,13.373433331359378
ID,16,Mountain,2016,7.25,1.9810014688665833,2.1564025828159643,10.993059096552088,2.2071749081893874,3.4239368686316447,13.405269061050769
ID,16,Mountain,2017,7.25,1.9810014688665833,2.167910189667444,11.027117604179526,2.2213750375685026,3.461665128429245,13.438093402601266
ID,16,Mountain,2018,7.25,1.9810014688665833,2.1983350716202463,11.060683165303136,2.244955980157409,3.4707234443107655,13.467568797099762
ID,16,Mountain,2019,7.25,1.9810014688665833,2.2321626286975,11.095741963907866,2.277267285009756,3.508855256368665,13.496901814831999
ID,16,Mountain,2020,7.25,1.9810014688665833,2.278292400425001,11.007253206445032,2.318458442150336,3.522234376704989,13.48536625765582
ID,16,Mountain,2021,7.25,1.9810014688665833,2.3758355547336385,11.087665729533885,2.390595970316759,3.574029612434994,13.536999634994896
ID,16,Mountain,2022,7.25,1.9810014688665833,2.425687290128029,11.18691827819678,2.5478814489493886,3.6208682434973927,13.589136795129779
IL,17,East North Central,2005,6.5,1.8718021769015913,1.9615022438151495,12.982457424660174,2.0149030205422647,3.427514689979529,15.56767991248536
IL,17,East North Central,2006,6.5,1.8718021769015913,1.9947003132247452,13.011007145531424,2.028148247292285,3.467609147181407,15.57795449535814
IL,17,East North Central,2007,7.0041093826293945,1.9464970314674774,2.0320878452963655,13.022896570783717,2.086913556518537,3.5284172316728752,15.589559110742924
IL,17,East North Central,2008,7.625682830810547,2.0315218700656827,2.0844290831908747,13.037720103335223,2.151762203259462,3.544431549748063,15.592262982685785
IL,17,East North Central,2009,7.876027584075928,2.0638236630658104,2.130609828254235,13.010962432810647,2.186051276738094,3.5496173867804286,15.556720315927436
IL,17,East North Central,2010,8.12602710723877,2.095072133424944,2.182674796321488,12.99788799788682,2.2071749081893874,3.544142657647253,15.525412618388701
IL,17,East North Central,2011,8.25,2.1102132003465894,2.194999882314108,13.003602363683257,2.2126603854660587,3.5635996376871786,15.533655779290573
IL,17,East North Central,2012,8.25,2.1102132003465894,2.1983350716202463,13.014176649546307,2.217027204632399,3.590715205326705,15.54552582054129
IL,17,East North Central,2013,8.25,2.1102132003465894,2.2027647577118348,13.036435050068267,2.2192034840549946,3.607126952241677,15.556800954444292
IL,17,East North Central,2014,8.25,2.1102132003465894,2.206074192613202,13.056138101161539,2.2202898502672155,3.6224725219163374,15.567468345309393
IL,17,East North Central,2015,8.25,2.1102132003465894,2.2159372862683733,13.086052027945174,2.234306252240751,3.6516966629862204,15.582415359805122
IL,17,East North Central,2016,8.25,2.1102132003465894,2.231089091288976,13.125458582311632,2.2617630984737906,3.6783239401744194,15.591110156992805
IL,17,East North Central,2017,8.25,2.1102132003465894,2.2502386126218363,13.139908556620078,2.306577114263583,3.6921241842788253,15.595173828945038
IL,17,East North Central,2018,8.25,2.1102132003465894,2.2741856184723477,13.135713861772468,2.341805806147327,3.7049988359938197,15.605813967651951
IL,17,East North Central,2019,8.25,2.1102132003465894,2.3105532626432224,13.154559475620646,2.3960754360813845,3.7350471349589434,15.611559149077424
IL,17,East North Central,2020,9.627049446105955,2.2645767869731404,2.365559892155434,12.94419319173285,2.4300984132930052,3.7775769088752233,15.543204283166933
IL,17,East North Central,2021,11.0,2.3978952727983707,2.464703942470481,12.889017963605522,2.5572273113676265,3.8031005982039594,15.541634015142977
IL,17,East North Central,2022,12.0,2.4849066497880004,2.613006652415316,13.027547075622174,2.6347624053323777,3.8400972658565573,15.58773376441797
IN,18,East North Central,2005,5.150000095367432,1.6389967331935924,1.9558604799084813,12.4530108454101,1.986503546020567,3.221272949467922,14.877237537631991
IN,18,East North Central,2006,5.150000095367432,1.6389967331935924,1.9782390361706734,12.4526201746234,2.0028304393079956,3.2801590532850993,14.884762691325896
IN,18,East North Central,2007,5.458767123287624,1.6972229626641218,1.9974177062012453,12.46916741234661,2.030776369698555,3.3336320621663895,14.89009651202953
IN,18,East North Central,2008,6.157923698425293,1.8177396587833377,2.030776369698555,12.485445290110814,2.0681277817795625,3.3617633124167483,14.889700364220237
IN,18,East North Central,2009,6.858767123287659,1.925527705948917,2.050270164379556,12.468629199201219,2.1162555148025524,3.3666059368925363,14.840756138136399
IN,18,East North Central,2010,7.25,1.9810014688665833,2.1016921506146558,12.442250875114839,2.1644717908644115,3.3843902633457743,14.817923938692843
IN,18,East North Central,2011,7.25,1.9810014688665833,2.127040520479115,12.44567992287505,2.180417459019838,3.416742592997618,14.83005259483616
IN,18,East North Central,2012,7.25,1.9810014688665833,2.1329823086078656,12.467051335147405,2.1838015570040787,3.440097530619712,14.849378082005865
IN,18,East North Central,2013,7.25,1.9810014688665833,2.134166441369082,12.491890481372204,2.1838015570040787,3.4452142670789296,14.864319669538574
IN,18,East North Central,2014,7.25,1.9810014688665833,2.138889000323256,12.516310903695317,2.186051276738094,3.4550540544528663,14.882002466349391
IN,18,East North Central,2015,7.25,1.9810014688665833,2.1482677326096886,12.535232497428265,2.196112848483529,3.461665128429245,14.896427198096694
IN,18,East North Central,2016,7.25,1.9810014688665833,2.163323025660538,12.552070794804791,2.2159372862683733,3.4892082589848687,14.911205261283127
IN,18,East North Central,2017,7.25,1.9810014688665833,2.1838015570040787,12.541472879190051,2.231089091288976,3.5028510353886553,14.92026726430937
IN,18,East North Central,2018,7.25,1.9810014688665833,2.21375387928743,12.545931996540345,2.256541154492639,3.530176762918616,14.930029003649441
IN,18,East North Central,2019,7.25,1.9810014688665833,2.254444717666111,12.550902715100984,2.300583090323373,3.5635996376871786,14.938386098768063
IN,18,East North Central,2020,7.25,1.9810014688665833,2.302585092994046,12.424404639847161,2.344686269012681,3.5793435670456293,14.88652551944028
IN,18,East North Central,2021,7.25,1.9810014688665833,2.402430427963762,12.439245732481561,2.4292177439274116,3.610377225958979,14.908577499576754
IN,18,East North Central,2022,7.25,1.9810014688665833,2.4790562361098245,12.508433948951012,2.559550192783766,3.6046822953131805,14.943565137232342
KS,20,West North Central,2005,5.150000095367432,1.6389967331935924,1.9358598132018119,11.592660432989081,1.9430489167742813,3.353406717825807,14.089833797213066
KS,20,West North Central,2006,5.150000095367432,1.6389967331935924,1.9558604799084813,11.60358849986747,1.9629077254238845,3.3271919683516598,14.094035834630636
KS,20,West North Central,2007,5.458767123287624,1.6972229626641218,1.9837562915454279,11.631596994687728,2.005525858729668,3.3575937441800234,14.113887733362573
KS,20,West North Central,2008,6.157923698425293,1.8177396587833377,2.0241930674493576,11.642022038304638,2.0541237336955462,3.3721118007670587,14.133644237871884
KS,20,West North Central,2009,6.858767123287659,1.925527705948917,2.050270164379556,11.640350753225468,2.1126345090356,3.3958497753355603,14.114659138024804
KS,20,West North Central,2010,7.25,1.9810014688665833,2.1004689088719113,11.619984537263637,2.1587147225743437,3.4031953843248286,14.081545002151845
KS,20,West North Central,2011,7.25,1.9810014688665833,2.125847914493992,11.615120977284898,2.175887439948088,3.4420193761824107,14.084063326386879
KS,20,West North Central,2012,7.25,1.9810014688665833,2.130609828254235,11.638764849809377,2.1713368063840917,3.471345141564237,14.09383902148894
KS,20,West North Central,2013,7.25,1.9810014688665833,2.1400661634962708,11.662637738198555,2.179286876649552,3.4688560301359703,14.105534885194414
KS,20,West North Central,2014,7.25,1.9810014688665833,2.149433913499871,11.658496588289447,2.179286876649552,3.4651107074058083,14.122627543054662
KS,20,West North Central,2015,7.25,1.9810014688665833,2.162172939277301,11.671893096065874,2.196112848483529,3.4707234443107655,14.131510371597674
KS,20,West North Central,2016,7.25,1.9810014688665833,2.174751721484161,11.693328515941552,2.2126603854660587,3.487069220736119,14.13336774755092
KS,20,West North Central,2017,7.25,1.9810014688665833,2.190535589185423,11.707257934430318,2.2364452904895007,3.5085558999826545,14.129671451663539
KS,20,West North Central,2018,7.25,1.9810014688665833,2.201659174404085,11.71660073308904,2.2407096892759584,3.498021566297695,14.134240614537777
KS,20,West North Central,2019,7.25,1.9810014688665833,2.2267833795777636,11.723510487037043,2.2669579153508947,3.538347219809389,14.14659688802334
KS,20,West North Central,2020,7.25,1.9810014688665833,2.2607208888953467,11.589145490881638,2.2935443483418965,3.5658640032173894,14.102154591840383
KS,20,West North Central,2021,7.25,1.9810014688665833,2.3711778844596574,11.583104299591476,2.395164274287139,3.6211358020274167,14.107560577032741
KS,20,West North Central,2022,7.25,1.9810014688665833,2.418588768750352,11.633991992949673,2.551006451492524,3.6681664125163946,14.13789835865507
KY,21,East South Central,2005,5.150000095367432,1.6389967331935924,1.9110228900548727,11.913109988634467,1.9213246735826988,3.2108436531709366,14.377745769355494
KY,21,East South Central,2006,5.150000095367432,1.6389967331935924,1.9344157696295783,11.944513057223965,1.9530276168241774,3.232778730037192,14.392028412089338
KY,21,East South Central,2007,5.512465953826904,1.7070120645773663,1.9530276168241774,11.982241357779467,1.986503546020567,3.298795448044074,14.404296723199476
KY,21,East South Central,2008,6.2019124031066895,1.8248576966034549,2.0014800002101243,11.983241545398009,2.0347056478384444,3.2939832973550063,14.413170543053546
KY,21,East South Central,2009,6.902876853942871,1.93193826006386,2.0320878452963655,11.972815625056466,2.0856720914304723,3.3138223021771545,14.374331744573379
KY,21,East South Central,2010,7.25,1.9810014688665833,2.0856720914304723,11.973257474519233,2.1482677326096886,3.3375473545856993,14.355541523453747
KY,21,East South Central,2011,7.25,1.9810014688665833,2.1162555148025524,11.997571370952834,2.1713368063840917,3.3541057741283047,14.365289551458169
KY,21,East South Central,2012,7.25,1.9810014688665833,2.1234584270966104,12.015093721645037,2.172476407647025,3.3361253849184407,14.383519595257718
KY,21,East South Central,2013,7.25,1.9810014688665833,2.128231705849268,12.030468476483744,2.1736147116970854,3.3506055955460954,14.393706938299893
KY,21,East South Central,2014,7.25,1.9810014688665833,2.1329823086078656,12.034691028774553,2.174751721484161,3.3721118007670587,14.407737350892415
KY,21,East South Central,2015,7.25,1.9810014688665833,2.1412419425852827,12.04889238114255,2.1838015570040787,3.431079756144025,14.424308270055857
KY,21,East South Central,2016,7.25,1.9810014688665833,2.1564025828159643,12.079318237184674,2.1983350716202463,3.4445761049641,14.44126180553767
KY,21,East South Central,2017,7.25,1.9810014688665833,2.1701959049483,12.09954478212034,2.2181159363675955,3.4461707473048864,14.444881593370878
KY,21,East South Central,2018,7.25,1.9810014688665833,2.188295946591918,12.086725887897607,2.234306252240751,3.4688560301359703,14.452018601601377
KY,21,East South Central,2019,7.25,1.9810014688665833,2.2192034840549946,12.083792010821341,2.269028309465203,3.484312288372662,14.455731532714815
KY,21,East South Central,2020,7.25,1.9810014688665833,2.262804222982201,11.906048049880006,2.2945529212967815,3.5284172316728752,14.393572311048889
KY,21,East South Central,2021,7.25,1.9810014688665833,2.372111155642656,11.945097415906957,2.3813962734183356,3.484312288372662,14.424411625574454
KY,21,East South Central,2022,7.25,1.9810014688665833,2.402430427963762,12.012305841051477,2.4570214462984645,3.5865698352893665,14.45704333995666
LA,22,West South Central,2005,5.150000095367432,1.6389967331935924,1.8293763327993617,12.001321413770034,1.8961194845522977,3.130263166511597,14.445270554343816
LA,22,West South Central,2006,5.150000095367432,1.6389967331935924,1.860974538249528,11.882072310404281,1.9213246735826988,3.1684242813721024,14.39043147965894
LA,22,West South Central,2007,5.458767123287624,1.6972229626641218,1.888583653863595,11.962726386898444,1.965712776351493,3.1949928844048685,14.429197777687424
LA,22,West South Central,2008,6.157923698425293,1.8177396587833377,1.9558604799084813,11.984490374782917,2.012232791986386,3.2072080200005186,14.450694883561196
LA,22,West South Central,2009,6.858767123287659,1.925527705948917,2.0082140323914683,11.997756128459134,2.0681277817795625,3.2402458506043934,14.442491226261263
LA,22,West South Central,2010,7.25,1.9810014688665833,2.0706530356467567,11.984552775332062,2.1435893615035875,3.2714682749873716,14.421371778385542
LA,22,West South Central,2011,7.25,1.9810014688665833,2.1102132003465894,12.020525893380524,2.1736147116970854,3.3130945001071823,14.425156557219287
LA,22,West South Central,2012,7.25,1.9810014688665833,2.1162555148025524,12.039368499631296,2.174751721484161,3.3271919683516598,14.440491311152519
LA,22,West South Central,2013,7.25,1.9810014688665833,2.1174596088673567,12.05437728227798,2.175887439948088,3.344979701663927,14.449602821576226
LA,22,West South Central,2014,7.25,1.9810014688665833,2.1186622548331173,12.096648328248884,2.172476407647025,3.3253956682458736,14.465645847930928
LA,22,West South Central,2015,7.25,1.9810014688665833,2.122261538862764,12.130432731321429,2.182674796321488,3.3253956682458736,14.477837641184331
LA,22,West South Central,2016,7.25,1.9810014688665833,2.125847914493992,12.15845679158851,2.191653532286764,3.3221541743217022,14.468965314132683
LA,22,West South Central,2017,7.25,1.9810014688665833,2.131796772013764,12.131187448338384,2.199444334074532,3.3368366225017656,14.458448067331242
LA,22,West South Central,2018,7.25,1.9810014688665833,2.1435893615035875,12.146800234065102,2.21046980408624,3.3870984572826535,14.46458567658525
LA,22,West South Central,2019,7.25,1.9810014688665833,2.1540850846756014,12.143239336358604,2.224623551524334,3.4137844971676268,14.468850853605831
LA,22,West South Central,2020,7.25,1.9810014688665833,2.1713368063840917,11.961896961387533,2.2428350885882717,3.487069220736119,14.404013632850134
LA,22,West South Central,2021,7.25,1.9810014688665833,2.1770218700187,11.963172715850286,2.253394848803274,3.4288125486951286,14.399735331300032
LA,22,West South Central,2022,7.25,1.9810014688665833,2.2965670206684825,12.0271851854705,2.3580197998821464,3.5298837226234783,14.429549594010458
MA,25,New England,2005,6.75,1.9095425048844386,2.167910189667444,12.46450611762283,2.248128907197987,3.595118074299462,14.961178173508099
MA,25,New England,2006,6.75,1.9095425048844386,2.1838015570040787,12.472850233864445,2.269028309465203,3.6176519448255684,14.969396708040605
MA,25,New England,2007,7.5,2.0149030205422647,2.2027647577118348,12.486881149038782,2.2925347571405443,3.6573887870225654,14.981108371413006
MA,25,New England,2008,8.0,2.0794415416798357,2.231089091288976,12.49635134382922,2.318458442150336,3.6941157209091826,14.989496208319162
MA,25,New England,2009,8.0,2.0794415416798357,2.248128907197987,12.482908611041157,2.3513752571634776,3.7220724214697003,14.96892979423766
MA,25,New England,2010,8.0,2.0794415416798357,2.2617630984737906,12.47468657088914,2.3850863145057892,3.718923575462313,14.953055056634172
MA,25,New England,2011,8.0,2.0794415416798357,2.2617630984737906,12.498443707468086,2.377692565480851,3.729541435832826,14.965139102648347
MA,25,New England,2012,8.0,2.0794415416798357,2.2617630984737906,12.524962645106148,2.3767644911682972,3.7309806301325716,14.979311156611452
MA,25,New England,2013,8.0,2.0794415416798357,2.2617630984737906,12.558734547978446,2.3523271848888596,3.7462045207332055,14.996584165567796
MA,25,New England,2014,8.0,2.0794415416798357,2.2710944259026746,12.567794830690419,2.3561258599220753,3.779405480813307,15.016228069569538
MA,25,New England,2015,9.0,2.1972245773362196,2.28949985344539,12.581525181792271,2.3693087250369538,3.7934646693040106,15.038356145650772
MA,25,New England,2016,10.0,2.302585092994046,2.3664984187376983,12.584337833711684,2.4362414778067194,3.8022081394209395,15.056753135134906
MA,25,New England,2017,11.0,2.3978952727983707,2.4501426573516603,12.612970060729964,2.5006159434931803,3.7936898184662815,15.076261537181825
MA,25,New England,2018,11.0,2.3978952727983707,2.4807312783775197,12.636913059969567,2.551006451492524,3.8181517898180757,15.088457033592839
MA,25,New England,2019,12.0,2.4849066497880004,2.5257286443082556,12.652935582334267,2.6239436918052106,3.8379458020318302,15.10188513134291
MA,25,New England,2020,12.75,2.545531271604435,2.6152036507358583,12.391306623771163,2.6789646202071133,3.887115369721961,15.024411200526506
MA,25,New England,2021,13.5,2.6026896854443837,2.6748380668960965,12.367893831661652,2.7013612129514133,3.8995454839170334,15.03765819485889
MA,25,New England,2022,14.25,2.6567569067146595,2.768204123921957,12.525616691130699,2.810606789427302,3.9611940494345954,15.086955077405223
MD,24,South Atlantic,2005,5.150000095367432,1.6389967331935924,2.020222182019865,12.183622516692582,2.063058062429312,3.5313480661272005,14.730688671107702
MD,24,South Atlantic,2006,5.150000095367432,1.6389967331935924,2.0541237336955462,12.204871924953656,2.0856720914304723,3.5759906720353185,14.744196155133611
MD,24,South Atlantic,2007,6.150000095367432,1.8164520973253258,2.089391872533004,12.209367212479604,2.125847914493992,3.633895145781177,14.752352656367261
MD,24,South Atlantic,2008,6.325956344604492,1.844661223911889,2.1198634561787513,12.230814037418622,2.1644717908644115,3.6622787723167574,14.756115294180375
MD,24,South Atlantic,2009,6.858767123287659,1.925527705948917,2.134166441369082,12.223126400096001,2.1938856760707046,3.6843692986360503,14.73316436043547
MD,24,South Atlantic,2010,7.25,1.9810014688665833,2.1644717908644115,12.193392592372799,2.2159372862683733,3.6903783302376723,14.716675469213055
MD,24,South Atlantic,2011,7.25,1.9810014688665833,2.178155014615869,12.206172640530507,2.217027204632399,3.702535780561422,14.724039242944498
MD,24,South Atlantic,2012,7.25,1.9810014688665833,2.175887439948088,12.233395941179063,2.211565694606877,3.7314599016490546,14.736064190751424
MD,24,South Atlantic,2013,7.25,1.9810014688665833,2.1770218700187,12.258143137821175,2.21046980408624,3.7563044304287256,14.745499045760624
MD,24,South Atlantic,2014,7.25,1.9810014688665833,2.1815467646169897,12.261176171756198,2.2213750375685026,3.786913194385302,14.7545446868687
MD,24,South Atlantic,2015,8.12602710723877,2.095072133424944,2.2082744135228043,12.269610666334161,2.2460147415056513,3.7954891891721947,14.769725008411601
MD,24,South Atlantic,2016,8.501365661621094,2.1402268166639296,2.234306252240751,12.291424312629678,2.295560478057081,3.811539466849824,14.786630326117107
MD,24,South Atlantic,2017,9.002055168151855,2.1974529032847387,2.263844264677615,12.328953774905989,2.340843805111136,3.830379016387636,14.795463176844557
MD,24,South Atlantic,2018,9.67849349975586,2.2699062589863406,2.316487998163037,12.324033443163739,2.401525040848949,3.8512108660313884,14.802822502849184
MD,24,South Atlantic,2019,10.100000381469728,2.312535461616493,2.3997118037247684,12.309305900171825,2.4570214462984645,3.8703673301593136,14.80913633510037
MD,24,South Atlantic,2020,11.0,2.3978952727983707,2.454447442303292,12.084413356902845,2.495681722955959,3.9001528328576587,14.740971118158923
MD,24,South Atlantic,2021,11.75,2.463853240590168,2.5832425505088623,12.133394420032188,2.6195832197798796,3.8995454839170334,14.750034058099489
MD,24,South Atlantic,2022,12.5,2.5257286443082556,2.6333266549062735,12.189231628334147,2.683074215032033,3.97198858659558,14.786410679898115
ME,23,New England,2005,6.387808322906494,1.854391224095835,2.0241930674493576,10.880685219313804,2.080690761080268,3.22207071576472,13.30010780845517
ME,23,New England,2006,6.563013553619385,1.8814498806455382,2.05668455455722,10.866661870309134,2.128231705849268,3.259249719006474,13.299521627241404
ME,23,New England,2007,6.813013553619385,1.9188345411656547,2.089391872533004,10.865325099366254,2.172476407647025,3.3138223021771545,13.304718266976074
ME,23,New England,2008,7.062841415405273,1.9548474373084088,2.1174596088673567,10.87540218815828,2.188295946591918,3.309447523052588,13.311577790455454
ME,23,New England,2009,7.313013553619385,1.9896554396467827,2.130609828254235,10.858806671377762,2.200552367428894,3.331847303527362,13.286334252319019
ME,23,New England,2010,7.5,2.0149030205422647,2.1540850846756014,10.849725360778235,2.2027647577118348,3.3484995926617063,13.266307865077279
ME,23,New England,2011,7.5,2.0149030205422647,2.1701959049483,10.825959143485365,2.2159372862683733,3.3830334110344844,13.26323774428411
ME,23,New England,2012,7.5,2.0149030205422647,2.179286876649552,10.854566109895947,2.222459048514761,3.4005304926744517,13.27269534665717
ME,23,New England,2013,7.5,2.0149030205422647,2.182674796321488,10.891168280496956,2.225704048658088,3.398192872641857,13.274964285526979
ME,23,New England,2014,7.5,2.0149030205422647,2.188295946591918,10.904854456765403,2.2321626286975,3.426865128410733,13.28174037620317
ME,23,New England,2015,7.5,2.0149030205422647,2.2049722641270453,10.907056292517344,2.2512917986064953,3.4572626055951043,13.29045077417046
ME,23,New England,2016,7.5,2.0149030205422647,2.2267833795777636,10.913632859881908,2.2925347571405443,3.4931686602009657,13.298650094461859
ME,23,New England,2017,9.0,2.1972245773362196,2.263844264677615,10.933106969717286,2.354228326145884,3.5148236417370144,13.303317332790979
ME,23,New England,2018,10.0,2.302585092994046,2.343727036325221,10.950104546085857,2.422144328051685,3.5570608794930885,13.313892414949196
ME,23,New England,2019,11.0,2.3978952727983707,2.4406063908914204,10.971125036904807,2.4915511925066687,3.57906458810673,13.323130431860166
ME,23,New England,2020,12.0,2.4849066497880004,2.50715725872282,10.752783415586006,2.5641798306825083,3.5970382504483562,13.262507855299097
ME,23,New England,2021,12.149999618530272,2.4973291383898717,2.6275629501895237,10.749999389802367,2.6658383522929006,3.6211358020274167,13.291261913866142
ME,23,New England,2022,12.75,2.545531271604435,2.655352412101761,10.812753669473318,2.779440197188883,3.624340932976365,13.322197359282914
MI,26,East North Central,2005,5.150000095367432,1.6389967331935924,2.0095554142156695,12.797989657681052,2.0241930674493576,3.3748534063225533,15.28220217928114
MI,26,East North Central,2006,5.60369873046875,1.7234268672988817,2.028148247292285,12.801441603171414,2.0438143640366846,3.410487428569248,15.272789805191909
MI,26,East North Central,2007,7.050821781158447,1.953144174734366,2.0476928433652555,12.791690293147452,2.066862759472976,3.445852022202587,15.253103838455894
MI,26,East North Central,2008,7.275682926177979,1.9845376816659157,2.0719132752590443,12.772635673980666,2.1016921506146558,3.462606009790799,15.23687037649204
MI,26,East North Central,2009,7.400000095367432,2.001480013097615,2.102913897864978,12.741249360159996,2.169053700369523,3.4697901731277674,15.174921784050376
MI,26,East North Central,2010,7.400000095367432,2.001480013097615,2.130609828254235,12.7124082040233,2.189416394888408,3.469478889078561,15.13883583240646
MI,26,East North Central,2011,7.400000095367432,2.001480013097615,2.1540850846756014,12.726234550273151,2.203869120054888,3.4553698605505483,15.158114230459432
MI,26,East North Central,2012,7.400000095367432,2.001480013097615,2.1564025828159643,12.744231295363804,2.199444334074532,3.4719664525503626,15.181122504888963
MI,26,East North Central,2013,7.400000095367432,2.001480013097615,2.1610215286722587,12.781449290355612,2.199444334074532,3.486763269991802,15.20150237332181
MI,26,East North Central,2014,7.650684833526611,2.0347951645541364,2.1610215286722587,12.802516175856683,2.1972245773362196,3.5186840771178223,15.220069599640421
MI,26,East North Central,2015,8.149999618530273,2.098017880446669,2.196112848483529,12.828663232626985,2.2213750375685026,3.53921867955953,15.237799279307541
MI,26,East North Central,2016,8.5,2.1400661634962708,2.214846178686039,12.84660987581782,2.2407096892759584,3.566146688731639,15.253469519529089
MI,26,East North Central,2017,8.899999618530273,2.1860512338763263,2.2396452932201716,12.86886370607522,2.269028309465203,3.5940191730899764,15.26853790562027
MI,26,East North Central,2018,9.25,2.224623551524334,2.2731562823032334,12.88153944523504,2.3115448343655176,3.5986811861957873,15.278263519203128
MI,26,East North Central,2019,9.400684356689451,2.240782490529016,2.33214389523559,12.884030043249131,2.402430427963762,3.6111881463980646,15.284359085787289
MI,26,East North Central,2020,9.649999618530272,2.266957875820352,2.3942522815198695,12.607027598160451,2.4561641809223462,3.6328380632303117,15.182624648084124
MI,26,East North Central,2021,9.649999618530272,2.266957875820352,2.4406063908914204,12.612970060729964,2.5603232890727545,3.6373229671995344,15.216612247486276
MI,26,East North Central,2022,9.869999885559082,2.2894998418505654,2.565718292524414,12.742478292898934,2.6152036507358583,3.7106409458954492,15.261834069525058
MN,27,West North Central,2005,5.569178104400635,1.7172474854932707,2.0693912058263346,12.282570616502898,2.1004689088719113,3.4436180975461075,14.784534147557297
MN,27,West North Central,2006,6.150000095367432,1.8164520973253258,2.102913897864978,12.318016443752159,2.138889000323256,3.461978853922014,14.802423766131241
MN,27,West North Central,2007,6.150000095367432,1.8164520973253258,2.128231705849268,12.30551065773623,2.180417459019838,3.507357577490546,14.804211249756422
MN,27,West North Central,2008,6.325956344604492,1.844661223911889,2.150598735996164,12.320918037199215,2.2192034840549946,3.551053137206533,14.810560712915937
MN,27,West North Central,2009,6.858767123287659,1.925527705948917,2.150598735996164,12.281412002075989,2.214846178686039,3.5655812377694427,14.781596662901787
MN,27,West North Central,2010,7.25,1.9810014688665833,2.167910189667444,12.267920048856254,2.214846178686039,3.56953269648137,14.756474390043314
MN,27,West North Central,2011,7.25,1.9810014688665833,2.1770218700187,12.287283900954996,2.203869120054888,3.5684053006460617,14.769270469952904
MN,27,West North Central,2012,7.25,1.9810014688665833,2.175887439948088,12.316584868327602,2.196112848483529,3.5868467285487844,14.78670984130171
MN,27,West North Central,2013,7.25,1.9810014688665833,2.1838015570040787,12.33793389424047,2.1972245773362196,3.596490004820589,14.80452373115888
MN,27,West North Central,2014,7.564383506774902,2.0234508510940734,2.194999882314108,12.339903993163695,2.1983350716202463,3.622739651609391,14.819819493141633
MN,27,West North Central,2015,8.419178009033203,2.1305121998584777,2.2278615467981093,12.356860534652244,2.2300144001592104,3.653770277000368,14.835166215630672
MN,27,West North Central,2016,9.209016799926758,2.2201830910319256,2.2679936482244267,12.375055637884948,2.280339484046726,3.6699514442284173,14.848837379933755
MN,27,West North Central,2017,9.5,2.2512917986064953,2.331172549845958,12.388185847286392,2.3933394562625097,3.681854839176972,14.858705269597566
MN,27,West North Central,2018,9.649999618530272,2.266957875820352,2.3869262414277967,12.397395237854548,2.4449523342809676,3.695358420211645,14.869020872719963
MN,27,West North Central,2019,9.859999656677246,2.2884861337947915,2.4344901638739844,12.406152257245832,2.502255288122613,3.7440776145786985,14.873526521091414
MN,27,West North Central,2020,10.0,2.302585092994046,2.4898941912990393,12.181370032889802,2.5556757206762075,3.784189633918261,14.812001523565623
MN,27,West North Central,2021,10.079999923706056,2.310553255074379,2.604909442182697,12.20005457320461,2.620311286794203,3.842887266593284,14.821663931440366
MN,27,West North Central,2022,10.329999923706056,2.33505227574588,2.6354795082673745,12.287514374117418,2.6567569067146595,3.868906714354518,14.854836287543936
MO,29,West North Central,2005,5.150000095367432,1.6389967331935924,1.9387416595767009,12.371332814395833,1.986503546020567,3.358985532852846,14.795294264582813
MO,29,West North Central,2006,5.150000095367432,1.6389967331935924,1.958685340544036,12.387727313336425,2.0028304393079956,3.3738261848660236,14.808928983753878
MO,29,West North Central,2007,6.5,1.8718021769015913,1.998773638612381,12.409747913648985,2.0294631718735947,3.3971893602646164,14.820881192619353
MO,29,West North Central,2008,6.650000095367432,1.89461686900873,2.033397603178429,12.42376134616142,2.065596134857783,3.4294608469350147,14.823530520235236
MO,29,West North Central,2009,7.138219356536865,1.9654633554079002,2.057962510002712,12.429136193644213,2.1162555148025524,3.4518904959776733,14.797008337462364
MO,29,West North Central,2010,7.25,1.9810014688665833,2.0943301541735866,12.409870265246846,2.1587147225743437,3.477849733183238,14.766569798931236
MO,29,West North Central,2011,7.25,1.9810014688665833,2.1198634561787513,12.403939413659591,2.172476407647025,3.498021566297695,14.767562178541858
MO,29,West North Central,2012,7.25,1.9810014688665833,2.127040520479115,12.408074273090955,2.178155014615869,3.5130368634176907,14.77329250038368
MO,29,West North Central,2013,7.349999904632568,1.9947003002495844,2.131796772013764,12.440274824201117,2.1838015570040787,3.522234376704989,14.785956086221262
MO,29,West North Central,2014,7.5,2.0149030205422647,2.1400661634962708,12.460172080964828,2.189416394888408,3.5533460588187404,14.798951397812488
MO,29,West North Central,2015,7.650000095367432,2.0347056603047755,2.155244505095337,12.475718030495804,2.2027647577118348,3.590439381300684,14.813285419702142
MO,29,West North Central,2016,7.650000095367432,2.0347056603047755,2.175887439948088,12.48533184497087,2.2213750375685026,3.591266625246936,14.829961948619216
MO,29,West North Central,2017,7.699999809265137,2.0412203040888763,2.196112848483529,12.478463399412997,2.2407096892759584,3.5986811861957873,14.841078923562211
MO,29,West North Central,2018,7.849999904632568,2.0605135196455997,2.222459048514761,12.485407476494126,2.2762411176544437,3.592919062968025,14.846835662490484
MO,29,West North Central,2019,8.600000381469727,2.151762247616406,2.2512917986064953,12.475870748883393,2.336986519711378,3.6130777406976544,14.852463731578954
MO,29,West North Central,2020,9.449999809265137,2.2460147213220676,2.300583090323373,12.335213162353265,2.395164274287139,3.632309102625542,14.805657516021078
MO,29,West North Central,2021,10.300000190734863,2.332143913753538,2.401525040848949,12.34609542345,2.462149662665384,3.6256733782101436,14.819115954165138
MO,29,West North Central,2022,11.149999618530272,2.4114394636935956,2.5160822672564502,12.40147494186266,2.5922651681085,3.6735119769828146,14.852141054276503
MS,28,East South Central,2005,5.150000095367432,1.6389967331935924,1.8421356765531218,11.450305102988562,1.891604804197771,3.0587070727153796,13.91855439218674
MS,28,East South Central,2006,5.150000095367432,1.6389967331935924,1.8687205103641833,11.438525142393978,1.922787731634459,3.1467351470905185,13.922569630257682
MS,28,East South Central,2007,5.458767123287624,1.6972229626641218,1.900613874140137,11.477919855771413,1.9726911717329554,3.177220149599368,13.93682512818304
MS,28,East South Central,2008,6.157923698425293,1.8177396587833377,1.9629077254238845,11.50992095594993,2.0268315914075385,3.1809662517949806,13.944967410914709
MS,28,East South Central,2009,6.858767123287659,1.925527705948917,2.005525858729668,11.4835996355884,2.0706530356467567,3.195811885269649,13.907989460756538
MS,28,East South Central,2010,7.25,1.9810014688665833,2.0592388343623163,11.46194791020536,2.130609828254235,3.184698373066614,13.883935268078115
MS,28,East South Central,2011,7.25,1.9810014688665833,2.0930978681273213,11.464994931212678,2.152924318439639,3.2335673736111907,13.886062213915219
MS,28,East South Central,2012,7.25,1.9810014688665833,2.0992441689760155,11.500245411812854,2.155244505095337,3.2748780149834857,13.892860412391606
MS,28,East South Central,2013,7.25,1.9810014688665833,2.102913897864978,11.520893634619405,2.1610215286722587,3.322514859627687,13.895762474521337
MS,28,East South Central,2014,7.25,1.9810014688665833,2.1065702090680887,11.5494502396526,2.1701959049483,3.354455119110024,13.905415245291858
MS,28,East South Central,2015,7.25,1.9810014688665833,2.1114245875328868,11.550606531937916,2.180417459019838,3.369362658142137,13.916757624980558
MS,28,East South Central,2016,7.25,1.9810014688665833,2.1210632163706555,11.558854396858628,2.1938856760707046,3.3714252233284854,13.926407718079862
MS,28,East South Central,2017,7.25,1.9810014688665833,2.128231705849268,11.55214617812351,2.2049722641270453,3.393165209964891,13.928365916984347
MS,28,East South Central,2018,7.25,1.9810014688665833,2.1377104498038118,11.540248760619118,2.21375387928743,3.421979920844684,13.932253052445411
MS,28,East South Central,2019,7.25,1.9810014688665833,2.149433913499871,11.537325351793763,2.222459048514761,3.435276695315018,13.936204907187284
MS,28,East South Central,2020,7.25,1.9810014688665833,2.167910189667444,11.445181812883709,2.2300144001592104,3.444895236927875,13.889522811251377
MS,28,East South Central,2021,7.25,1.9810014688665833,2.1598687907924505,11.517216246387385,2.2049722641270453,3.4048573424936426,13.912383152925745
MS,28,East South Central,2022,7.25,1.9810014688665833,2.286455711064162,11.5701560984245,2.327277705584417,3.502549875922443,13.939098932208893
MT,30,Mountain,2005,5.150000095367432,1.6389967331935924,1.8779371654691073,10.651122918380143,1.9430489167742813,3.056356895370426,12.935190069879349
MT,30,Mountain,2006,5.150000095367432,1.6389967331935924,1.8946168546677629,10.67382722892598,1.9685099809725544,3.099190981922221,12.964843695524083
MT,30,Mountain,2007,6.150000095367432,1.8164520973253258,1.958685340544036,10.67382722892598,2.028148247292285,3.131136910560194,12.984204149995117
MT,30,Mountain,2008,6.381967067718506,1.8534763676607426,2.0028304393079956,10.697158570862372,2.060513531794317,3.1612467120315646,13.003782523575648
MT,30,Mountain,2009,7.054383754730225,1.953649232762543,2.0438143640366846,10.701445097448419,2.122261538862764,3.1663185741295248,12.976736268517948
MT,30,Mountain,2010,7.25,1.9810014688665833,2.0930978681273213,10.674521271753145,2.1610215286722587,3.1888289035159043,12.958196031190417
MT,30,Mountain,2011,7.349999904632568,1.9947003002495844,2.1198634561787513,10.698288386822574,2.1770218700187,3.2232661731694936,12.960103237946935
MT,30,Mountain,2012,7.650000095367432,2.0347056603047755,2.1435893615035875,10.713528484567572,2.191653532286764,3.22207071576472,12.977060110208456
MT,30,Mountain,2013,7.800000190734863,2.0541237581487333,2.157559320943788,10.735744288800273,2.200552367428894,3.242982900211434,12.992505230146103
MT,30,Mountain,2014,7.900000095367432,2.0668627715448027,2.1713368063840917,10.737048636811288,2.209372711271867,3.2744997286161976,13.002069692704568
MT,30,Mountain,2015,8.050000190734863,2.0856721151242437,2.187174241482718,10.779997414398439,2.2278615467981093,3.2980566227426418,13.010716477103795
MT,30,Mountain,2016,8.050000190734863,2.0856721151242437,2.206074192613202,10.820977564985766,2.25758772706331,3.34109345759245,13.02748110603413
MT,30,Mountain,2017,8.149999618530273,2.098017880446669,2.225704048658088,10.833681189579275,2.2925347571405443,3.3463891451671604,13.040589171552645
MT,30,Mountain,2018,8.300000190734863,2.116255537782656,2.2460147415056513,10.841931089051416,2.3233676321765744,3.3683297780365384,13.046086901899672
MT,30,Mountain,2019,8.5,2.1400661634962708,2.2669579153508947,10.851664473272605,2.362739015813793,3.407179453339703,13.056223574899784
MT,30,Mountain,2020,8.649999618530273,2.1575592768432403,2.299580583973747,10.765955477712776,2.3942522815198695,3.4487168976301317,13.029041220172957
MT,30,Mountain,2021,8.75,2.169053700369523,2.3942522815198695,10.774153106384007,2.419478844465545,3.4058531931983493,13.06097721568998
MT,30,Mountain,2022,9.199999809265137,2.2192034633229443,2.468099531471619,10.838992503334087,2.5649493574615367,3.510649515223235,13.101323585135063
NC,37,South Atlantic,2005,5.150000095367432,1.6389967331935924,1.9600947840472698,12.65800776802319,1.9643112344262046,3.3813347525659037,15.15305837896319
NC,37,South Atlantic,2006,5.150000095367432,1.6389967331935924,1.979621206397625,12.699182263490384,1.9878743481543455,3.4249139082794713,15.174605855468156
NC,37,South Atlantic,2007,6.150000095367432,1.8164520973253258,2.010894999144726,12.745485726148077,2.0215475632609334,3.480932349681009,15.205164270140582
NC,37,South Atlantic,2008,6.325956344604492,1.844661223911889,2.0399207835175526,12.7689402833232,2.060513531794317,3.5109482456212744,15.217535541520048
NC,37,South Atlantic,2009,6.858767123287659,1.925527705948917,2.0554049638515948,12.755984358003365,2.1114245875328868,3.5403794457954922,15.175653430351298
NC,37,South Atlantic,2010,7.25,1.9810014688665833,2.1016921506146558,12.737788540187667,2.162172939277301,3.570658822726505,15.143322688208508
NC,37,South Atlantic,2011,7.25,1.9810014688665833,2.127040520479115,12.7669447867803,2.1815467646169897,3.5801800371905954,15.154414524779627
NC,37,South Atlantic,2012,7.25,1.9810014688665833,2.130609828254235,12.797187100524967,2.1815467646169897,3.594843462187342,15.171036385412528
NC,37,South Atlantic,2013,7.25,1.9810014688665833,2.1329823086078656,12.838992000539632,2.182674796321488,3.607940511608584,15.188473955325499
NC,37,South Atlantic,2014,7.25,1.9810014688665833,2.135349173618132,12.877229808198503,2.1838015570040787,3.6232736970159425,15.209495272368171
NC,37,South Atlantic,2015,7.25,1.9810014688665833,2.1424163408412245,12.89664150507532,2.1938856760707046,3.6477970090127063,15.232593547303905
NC,37,South Atlantic,2016,7.25,1.9810014688665833,2.1540850846756014,12.929142639741373,2.211565694606877,3.671733295278966,15.257953656705922
NC,37,South Atlantic,2017,7.25,1.9810014688665833,2.167910189667444,12.950791831634106,2.225704048658088,3.6998193941522706,15.273751091946993
NC,37,South Atlantic,2018,7.25,1.9810014688665833,2.189416394888408,12.963344198980142,2.255493485460195,3.7064737625148876,15.293291890641958
NC,37,South Atlantic,2019,7.25,1.9810014688665833,2.2159372862683733,12.971331163437375,2.288486168614544,3.7220724214697003,15.311286929701161
NC,37,South Atlantic,2020,7.25,1.9810014688665833,2.256541154492639,12.80669326841238,2.318458442150336,3.745496054532832,15.271435920256387
NC,37,South Atlantic,2021,7.25,1.9810014688665833,2.3749057545736716,12.833080023585573,2.39698576841553,3.85798911693566,15.302107163229644
NC,37,South Atlantic,2022,7.25,1.9810014688665833,2.401525040848949,12.907906983237574,2.529720665577793,3.89630004496291,15.351844301957396
ND,38,West North Central,2005,5.150000095367432,1.6389967331935924,1.9154509415706047,10.306282432088414,1.9671123567059163,3.051166980442092,12.70235299785413
ND,38,West North Central,2006,5.150000095367432,1.6389967331935924,1.9473377010464987,10.311283275982575,2.004179057179289,3.0652583362026014,12.724092329876404
ND,38,West North Central,2007,5.458767123287624,1.6972229626641218,1.9712993830601329,10.333645273234664,2.052840859882657,3.011113375592293,12.742478292898934
ND,38,West North Central,2008,6.157923698425293,1.8177396587833377,2.0228711901914416,10.357742824813725,2.0943301541735866,3.09058780456667,12.766716476277026
ND,38,West North Central,2009,6.858767123287659,1.925527705948917,2.050270164379556,10.382512863752321,2.130609828254235,3.1654750481410856,12.776006447775737
ND,38,West North Central,2010,7.25,1.9810014688665833,2.1041341542702074,10.396658241063397,2.163323025660538,3.199896858270398,12.781871071120225
ND,38,West North Central,2011,7.25,1.9810014688665833,2.1435893615035875,10.425549808228107,2.199444334074532,3.2276373305367736,12.825654014633031
ND,38,West North Central,2012,7.25,1.9810014688665833,2.1713368063840917,10.458234363360047,2.21046980408624,3.2665224783355535,12.907411185116407
ND,38,West North Central,2013,7.25,1.9810014688665833,2.1983350716202463,10.459668878022915,2.2353763433005955,3.2943542860441064,12.954961959700752
ND,38,West North Central,2014,7.25,1.9810014688665833,2.234306252240751,10.500674341950162,2.277267285009756,3.328985047548231,12.995484096060183
ND,38,West North Central,2015,7.25,1.9810014688665833,2.272125885509337,10.499297500207115,2.340843805111136,3.3509561652254085,13.012146644945329
ND,38,West North Central,2016,7.25,1.9810014688665833,2.3105532626432224,10.473619282199527,2.3869262414277967,3.420673158162812,12.96031492544993
ND,38,West North Central,2017,7.25,1.9810014688665833,2.33214389523559,10.454206739963796,2.4060438013622756,3.407179453339703,12.940049820578375
ND,38,West North Central,2018,7.25,1.9810014688665833,2.362739015813793,10.457372665762566,2.435366204227864,3.4391352210025476,12.939761781403055
ND,38,West North Central,2019,7.25,1.9810014688665833,2.39698576841553,10.465101343134224,2.479894107964456,3.4239368686316447,12.953992061937099
ND,38,West North Central,2020,7.25,1.9810014688665833,2.4414770918606643,10.373491181781864,2.5305171610400525,3.501344330267094,12.899319821090453
ND,38,West North Central,2021,7.25,1.9810014688665833,2.583997552432231,10.353607301184724,2.6361960973342264,3.5019472847622986,12.886792931081992
ND,38,West North Central,2022,7.25,1.9810014688665833,2.60859812213055,10.39543612053243,2.6326080059353516,3.5607619513334936,12.912900813145983
NE,31,West North Central,2005,5.150000095367432,1.6389967331935924,1.9530276168241774,11.225510023635879,1.965712776351493,3.279029747687948,13.705103999084217
NE,31,West North Central,2006,5.150000095367432,1.6389967331935924,1.9712993830601329,11.216942367479062,1.9823798288367047,3.309447523052588,13.711393713071706
NE,31,West North Central,2007,5.458767123287624,1.6972229626641218,1.9878743481543455,11.234929662107868,2.0149030205422647,3.3700506526653187,13.726318623468032
NE,31,West North Central,2008,6.157923698425293,1.8177396587833377,2.018895041811802,11.239409247991347,2.0476928433652555,3.396184839838611,13.740916313753303
NE,31,West North Central,2009,6.858767123287659,1.925527705948917,2.0451088625993306,11.230429919205747,2.096790180014449,3.425239376142393,13.72861190189413
NE,31,West North Central,2010,7.25,1.9810014688665833,2.0992441689760155,11.224976690289903,2.1540850846756014,3.421326752957321,13.712026059263476
NE,31,West North Central,2011,7.25,1.9810014688665833,2.1294214739848565,11.246221798903639,2.1770218700187,3.4490347110763153,13.715281299305289
NE,31,West North Central,2012,7.25,1.9810014688665833,2.1377104498038118,11.255707933322267,2.178155014615869,3.474447843401748,13.726493534646394
NE,31,West North Central,2013,7.25,1.9810014688665833,2.1435893615035875,11.283763841330456,2.178155014615869,3.4830845411343394,13.739870643755529
NE,31,West North Central,2014,7.25,1.9810014688665833,2.152924318439639,11.304547365856493,2.180417459019838,3.48584485572244,13.756768537940511
NE,31,West North Central,2015,8.0,2.0794415416798357,2.191653532286764,11.283763841330456,2.2126603854660587,3.506457892319648,13.768114920989644
NE,31,West North Central,2016,9.0,2.1972245773362196,2.2438960966453663,11.313742551100862,2.2617630984737906,3.5374749999547035,13.782987366258714
NE,31,West North Central,2017,9.0,2.1972245773362196,2.2679936482244267,11.31471839894605,2.336986519711378,3.569250966658405,13.785288435774687
NE,31,West North Central,2018,9.0,2.1972245773362196,2.301584592660462,11.32514905749331,2.3813962734183356,3.590715205326705,13.793561428579928
NE,31,West North Central,2019,9.0,2.1972245773362196,2.3350522831315472,11.328521741971949,2.4159137783010487,3.605226069116683,13.797387319704585
NE,31,West North Central,2020,9.0,2.1972245773362196,2.3711778844596574,11.205856678718257,2.432735777459091,3.627801604605346,13.756344247295058
NE,31,West North Central,2021,9.0,2.1972245773362196,2.4159137783010487,11.257904174757996,2.4449523342809676,3.636005964506868,13.772874418878411
NE,31,West North Central,2022,9.0,2.1972245773362196,2.516889695641051,11.292528139324045,2.5718485799218085,3.684620397193553,13.78560789660996
NH,33,New England,2005,5.150000095367432,1.6389967331935924,2.065596134857783,10.880685219313804,2.131796772013764,3.415757532993485,13.33998772590067
NH,33,New England,2006,5.150000095367432,1.6389967331935924,2.0980179272527715,10.876725564852034,2.157559320943788,3.441058915087286,13.349610497551275
NH,33,New England,2007,5.676027297973633,1.7362515686543836,2.1294214739848565,10.891168280496956,2.201659174404085,3.463232772581608,13.357577781951315
NH,33,New England,2008,6.7553277015686035,1.9103314826808606,2.157559320943788,10.892842855267288,2.224623551524334,3.541828511401901,13.360702883140481
NH,33,New England,2009,7.25,1.9810014688665833,2.1656192379208883,10.876725564852034,2.2375130962503307,3.57906458810673,13.336490401734794
NH,33,New England,2010,7.25,1.9810014688665833,2.169053700369523,10.841344062324843,2.2289385528257473,3.5826852577075323,13.310368750666582
NH,33,New England,2011,7.25,1.9810014688665833,2.1838015570040787,10.84778248081988,2.234306252240751,3.5934692693092782,13.315773231183703
NH,33,New England,2012,7.25,1.9810014688665833,2.187174241482718,10.861879460428918,2.2300144001592104,3.5787855313168624,13.325647019781798
NH,33,New England,2013,7.25,1.9810014688665833,2.189416394888408,10.915088464214607,2.2332350148592526,3.591817741270805,13.337781161687474
NH,33,New England,2014,7.25,1.9810014688665833,2.194999882314108,10.917993331907239,2.2396452932201716,3.6016862424115588,13.348701819615057
NH,33,New England,2015,7.25,1.9810014688665833,2.206074192613202,10.918355847771277,2.25758772706331,3.647275904258861,13.361947046365078
NH,33,New England,2016,7.25,1.9810014688665833,2.2321626286975,10.94411755866589,2.321406847234633,3.6609942506244004,13.377083112153283
NH,33,New England,2017,7.25,1.9810014688665833,2.2648832258100344,10.978831214264883,2.3561258599220753,3.6750340472918834,13.384650715836164
NH,33,New England,2018,7.25,1.9810014688665833,2.301584592660462,10.976782033219948,2.401525040848949,3.757005283161537,13.38920988926797
NH,33,New England,2019,7.25,1.9810014688665833,2.3398808777377424,10.973528884216202,2.451005098112319,3.773220602547687,13.400722122395226
NH,33,New England,2020,7.25,1.9810014688665833,2.403334996094189,10.737917257929963,2.511223958105374,3.7796338173824005,13.336571123060605
NH,33,New England,2021,7.25,1.9810014688665833,2.4714836294558595,10.839188677930107,2.6224923127405635,3.794364961959914,13.36172667456548
NH,33,New England,2022,7.25,1.9810014688665833,2.613006652415316,10.88500406932799,2.6844403354630764,3.8726582819058692,13.398812596922982
NJ,34,Middle Atlantic,2005,5.402054786682129,1.686779397244602,2.0373166153791646,12.465470977503555,2.128231705849268,3.5533460588187404,15.180915751717054
NJ,34,Middle Atlantic,2006,6.402054786682129,1.8566189992558415,2.0794415416798357,12.492754217648372,2.199444334074532,3.5882300459640066,15.191123070737305
NJ,34,Middle Atlantic,2007,7.150000095367432,1.9671123700440185,2.1174596088673567,12.506362406021037,2.2407096892759584,3.6320445173613978,15.19681247756112
NJ,34,Middle Atlantic,2008,7.150000095367432,1.9671123700440185,2.145931282948669,12.515063563303203,2.265921108622454,3.654288009344317,15.198376548933485
NJ,34,Middle Atlantic,2009,7.1941094398498535,1.9732625578140808,2.1644717908644115,12.49792102685137,2.2762411176544437,3.6691868207682004,15.163783686266633
NJ,34,Middle Atlantic,2010,7.25,1.9810014688665833,2.1770218700187,12.490837968400553,2.28949985344539,3.680090948080857,15.142731437377652
NJ,34,Middle Atlantic,2011,7.25,1.9810014688665833,2.190535589185423,12.502541005262573,2.295560478057081,3.676047475298558,15.142917069455407
NJ,34,Middle Atlantic,2012,7.25,1.9810014688665833,2.192770226986839,12.519824430715007,2.2731562823032334,3.7005609588877744,15.148857626015682
NJ,34,Middle Atlantic,2013,7.25,1.9810014688665833,2.194999882314108,12.525217047171811,2.2925347571405443,3.724487881581304,15.156041046072799
NJ,34,Middle Atlantic,2014,8.25,2.1102132003465894,2.2192034840549946,12.55961268077342,2.2975725511705014,3.740285242173836,15.168573832251862
NJ,34,Middle Atlantic,2015,8.380000114440918,2.1258479281504257,2.2332350148592526,12.575461425055648,2.3350522831315472,3.7579389900454307,15.178229182555459
NJ,34,Middle Atlantic,2016,8.380000114440918,2.1258479281504257,2.253394848803274,12.610003243546387,2.3767644911682972,3.770459441106359,15.19057965084361
NJ,34,Middle Atlantic,2017,8.4399995803833,2.1329822588902463,2.269028309465203,12.62872257839244,2.410542234499138,3.8196883942253503,15.203670677474006
NJ,34,Middle Atlantic,2018,8.600000381469727,2.151762247616406,2.2945529212967815,12.636360439069684,2.4406063908914204,3.8368683318273855,15.214269413510426
NJ,34,Middle Atlantic,2019,9.429726600646973,2.2438671037168008,2.325324579963535,12.65383066582859,2.453587966530573,3.8588331769140267,15.223554179871114
NJ,34,Middle Atlantic,2020,11.0,2.3978952727983707,2.451005098112319,12.404554583773521,2.4965057856313524,3.8751515306522415,15.145956529141028
NJ,34,Middle Atlantic,2021,12.0,2.4849066497880004,2.60638654732571,12.380907916550266,2.642622395779755,3.8916161956504833,15.16364084748852
NJ,34,Middle Atlantic,2022,13.0,2.5649493574615367,2.63834278867739,12.52652437931138,2.760009940032921,3.935544200469492,15.228785156965818
NM,35,Mountain,2005,5.150000095367432,1.6389967331935924,1.8625285401162623,11.192169084789018,1.890095369948917,3.2722270003651954,13.54557671639904
NM,35,Mountain,2006,5.150000095367432,1.6389967331935924,1.8855533485144158,11.236381136928904,1.9213246735826988,3.3160025355989236,13.578977769531049
NM,35,Mountain,2007,5.458767123287624,1.6972229626641218,1.9139771019523042,11.255061060927629,1.9726911717329554,3.402529826895934,13.590665560010306
NM,35,Mountain,2008,6.521994590759277,1.875180247983048,1.998773638612381,11.247526600758905,2.0399207835175526,3.4124669739203863,13.616425271743136
NM,35,Mountain,2009,7.5,2.0149030205422647,2.057962510002712,11.205312757029569,2.1102132003465894,3.4307561839036995,13.592854387860545
NM,35,Mountain,2010,7.5,2.0149030205422647,2.0980179272527715,11.178990008000985,2.1656192379208883,3.486763269991802,13.563916090476049
NM,35,Mountain,2011,7.5,2.0149030205422647,2.1377104498038118,11.182892451977917,2.1972245773362196,3.4995332823830174,13.564018971134576
NM,35,Mountain,2012,7.5,2.0149030205422647,2.1424163408412245,11.206128528658766,2.2027647577118348,3.5019472847622986,13.559146257658394
NM,35,Mountain,2013,7.5,2.0149030205422647,2.1435893615035875,11.24569940108583,2.2071749081893874,3.475067230228611,13.572138788803073
NM,35,Mountain,2014,7.5,2.0149030205422647,2.145931282948669,11.267152795595656,2.200552367428894,3.508256453955563,13.577253368840017
NM,35,Mountain,2015,7.5,2.0149030205422647,2.1540850846756014,11.273271361529028,2.2071749081893874,3.5248888540047054,13.590051828692625
NM,35,Mountain,2016,7.5,2.0149030205422647,2.162172939277301,11.311054048931558,2.2202898502672155,3.5473158897921495,13.599143990929088
NM,35,Mountain,2017,7.5,2.0149030205422647,2.1736147116970854,11.301092704801885,2.2428350885882717,3.5536323047059106,13.59371609621936
NM,35,Mountain,2018,7.5,2.0149030205422647,2.1849270495258133,11.331643367750937,2.253394848803274,3.56784112573688,13.606861452800517
NM,35,Mountain,2019,7.5,2.0149030205422647,2.211565694606877,11.335710845544419,2.2823823856765264,3.5504790843779097,13.621403828023102
NM,35,Mountain,2020,9.0,2.1972245773362196,2.262804222982201,11.17057599117614,2.315501318260592,3.580458705159516,13.574355773848213
NM,35,Mountain,2021,10.5,2.3513752571634776,2.3942522815198695,11.127851046509798,2.435366204227864,3.6133473915014993,13.562603433444377
NM,35,Mountain,2022,11.5,2.4423470353692043,2.4595888418037104,11.246091225031286,2.5610957881455465,3.6838669122903918,13.615595132769272
NV,32,Mountain,2005,5.150000095367432,1.6389967331935924,1.9558604799084813,11.937016037201557,2.150598735996164,3.2256528091472245,13.990841067569376
NV,32,Mountain,2006,5.24315071105957,1.6569225983726774,1.9878743481543455,11.992198500223113,2.182674796321488,3.2880286835565173,14.044922422291235
NV,32,Mountain,2007,6.240739822387695,1.8310987366335827,2.0294631718735947,12.02933546703012,2.2375130962503307,3.359680701459222,14.066634968192893
NV,32,Mountain,2008,6.591420650482178,1.8857689019855246,2.0719132752590443,12.036884467126182,2.2975725511705014,3.3703944725071104,14.060986866428289
NV,32,Mountain,2009,7.202876567840576,1.9744804695450136,2.0906287310704004,11.98055126943,2.367436065313662,3.4008639927609177,13.980906345335287
NV,32,Mountain,2010,7.902876853942871,2.0672268519102253,2.1234584270966104,11.957867663620593,2.379546134130174,3.4081729953985804,13.923045707391168
NV,32,Mountain,2011,8.25,2.1102132003465894,2.1424163408412245,11.988662626063725,2.390595970316759,3.4127965175055075,13.922371946748335
NV,32,Mountain,2012,8.25,2.1102132003465894,2.145931282948669,12.00896227126278,2.3589654264301534,3.4445761049641,13.935211752776562
NV,32,Mountain,2013,8.25,2.1102132003465894,2.1482677326096886,12.025629323747992,2.3398808777377424,3.503453082366503,13.956984078232217
NV,32,Mountain,2014,8.25,2.1102132003465894,2.1540850846756014,12.063240996422632,2.3523271848888596,3.534853766474829,13.989136080279705
NV,32,Mountain,2015,8.25,2.1102132003465894,2.1598687907924505,12.084469823770926,2.3711778844596574,3.5304697173662944,14.024798562988043
NV,32,Mountain,2016,8.25,2.1102132003465894,2.1815467646169897,12.107687743608773,2.432735777459091,3.520460802488973,14.055259473910626
NV,32,Mountain,2017,8.25,2.1102132003465894,2.194999882314108,12.138542988736575,2.4309783077624445,3.5478917608129588,14.085705620008468
NV,32,Mountain,2018,8.25,2.1102132003465894,2.217027204632399,12.145685495515078,2.449279472144849,3.5667118201397288,14.1134869615003
NV,32,Mountain,2019,8.25,2.1102132003465894,2.2364452904895007,12.150559935599915,2.448415541205585,3.5610460826040513,14.14674050634354
NV,32,Mountain,2020,8.627049446105957,2.1549025516308107,2.2793164660546914,11.883315919794901,2.4475508632442313,3.5726264972896864,14.039341872714981
NV,32,Mountain,2021,9.378082275390623,2.2383752938631414,2.3850863145057892,11.926953803738881,2.4362414778067194,3.5967641652061304,14.069524672144965
NV,32,Mountain,2022,10.128082275390623,2.3153119889263505,2.4069451083182885,12.118279144579505,2.5855058483441162,3.624340932976365,14.160652248889333
NY,36,Middle Atlantic,2005,6.0,1.791759469228055,2.030776369698555,13.233135225358208,2.1424163408412245,3.481240089335692,15.935789294048845
NY,36,Middle Atlantic,2006,6.75,1.9095425048844386,2.066862759472976,13.234852424599602,2.175887439948088,3.519868911379654,15.942282866077191
NY,36,Middle Atlantic,2007,7.150000095367432,1.9671123700440185,2.1090003439213802,13.267830751933857,2.2267833795777636,3.565298392342582,15.957452607943612
NY,36,Middle Atlantic,2008,7.150000095367432,1.9671123700440185,2.1471001901536506,13.30171385825333,2.253394848803274,3.573468602602609,15.971169809022072
NY,36,Middle Atlantic,2009,7.1941094398498535,1.9732625578140808,2.163323025660538,13.304234832917897,2.265921108622454,3.5726264972896864,15.954048495494343
NY,36,Middle Atlantic,2010,7.25,1.9810014688665833,2.172476407647025,13.319047957034051,2.262804222982201,3.585738695194423,15.9370556725918
NY,36,Middle Atlantic,2011,7.25,1.9810014688665833,2.180417459019838,13.354395309763943,2.252343876557299,3.6125382208572137,15.947017845614104
NY,36,Middle Atlantic,2012,7.25,1.9810014688665833,2.182674796321488,13.397810912187767,2.2353763433005955,3.6378492830011573,15.960538509054938
NY,36,Middle Atlantic,2013,7.252054691314697,1.9812848344133533,2.187174241482718,13.43048023024259,2.2438960966453663,3.662792119350618,15.971380591593682
NY,36,Middle Atlantic,2014,8.002055168151855,2.079698404706686,2.206074192613202,13.477208648512127,2.2502386126218363,3.678576561118039,15.991505824107989
NY,36,Middle Atlantic,2015,8.75068473815918,2.169131953097319,2.2332350148592526,13.488560837924474,2.300583090323373,3.701548857214599,16.011054835498253
NY,36,Middle Atlantic,2016,9.001912117004395,2.197437012215265,2.256541154492639,13.508292222738135,2.372111155642656,3.713572066704308,16.023526696378692
NY,36,Middle Atlantic,2017,9.70191764831543,2.2723235616727386,2.3135250330323798,13.528188420728041,2.4397349311412793,3.7443141610020367,16.03556911112607
NY,36,Middle Atlantic,2018,10.401917457580566,2.341990160074306,2.410542234499138,13.558551658155334,2.528125768907977,3.768152635008444,16.054689288686966
NY,36,Middle Atlantic,2019,11.10191822052002,2.407117906047362,2.4782176616372036,13.551597094106853,2.6275629501895237,3.7939149169478172,16.069218382995462
NY,36,Middle Atlantic,2020,11.801912307739258,2.4682615783192228,2.5384474167160302,13.257645736192497,2.691243082785829,3.8264651170664994,15.97784919122358
NY,36,Middle Atlantic,2021,12.501917839050291,2.5258820596635414,2.642622395779755,13.211820095442315,2.6864860231863696,3.875773872753025,15.975269769512078
NY,36,Middle Atlantic,2022,13.202739715576172,2.580424362266246,2.70805020110221,13.377036603049117,2.8142103969306005,3.9345669698630408,16.024765808989986
OH,39,East North Central,2005,5.150000095367432,1.6389967331935924,1.958685340544036,13.057846189372539,1.9782390361706734,3.360722549096437,15.490788644018668
OH,39,East North Central,2006,5.150000095367432,1.6389967331935924,1.9740810260220096,13.064119668962839,1.9878743481543455,3.393837027255863,15.493386254519503
OH,39,East North Central,2007,6.849999904632568,1.924248638351881,2.020222182019865,13.068076131930503,2.033397603178429,3.4388142452334622,15.490990860158453
OH,39,East North Central,2008,7.0,1.9459101490553132,2.048982334195127,13.063377412256402,2.066862759472976,3.4622924810219664,15.487572034174915
OH,39,East North Central,2009,7.300000190734863,1.9878743742824085,2.0744289998562917,13.046949938114455,2.124653884501384,3.48185528467961,15.443081076534185
OH,39,East North Central,2010,7.300000190734863,1.9878743742824085,2.105352923464337,13.028799671626013,2.1598687907924505,3.4864572256129787,15.409162525422227
OH,39,East North Central,2011,7.400000095367432,2.001480013097615,2.131796772013764,13.043038745186225,2.178155014615869,3.494687724749494,15.420520682196218
OH,39,East North Central,2012,7.699999809265137,2.0412203040888763,2.1482677326096886,13.05095330111605,2.1849270495258133,3.5052570515869337,15.435740031476573
OH,39,East North Central,2013,7.849999904632568,2.0605135196455997,2.1598687907924505,13.075397548123584,2.190535589185423,3.527830032595521,15.449806922895085
OH,39,East North Central,2014,7.949999809265137,2.0731719046744335,2.1713368063840917,13.086508194495341,2.1983350716202463,3.546163151912341,15.464338400002974
OH,39,East North Central,2015,8.100000381469727,2.0918641087734198,2.186051276738094,13.101119311734834,2.21046980408624,3.56953269648137,15.47959762757426
OH,39,East North Central,2016,8.100000381469727,2.0918641087734198,2.201659174404085,13.135536233114577,2.2300144001592104,3.594568774642695,15.490341001765378
OH,39,East North Central,2017,8.149999618530273,2.098017880446669,2.217027204632399,13.134746390449656,2.2460147415056513,3.607940511608584,15.496457640016747
OH,39,East North Central,2018,8.300000190734863,2.116255537782656,2.2353763433005955,13.133204400582203,2.265921108622454,3.623540612805596,15.505017639260272
OH,39,East North Central,2019,8.550000190734863,2.14593130525684,2.2607208888953467,13.12633547815673,2.295560478057081,3.6354786773868213,15.510718744204636
OH,39,East North Central,2020,8.699999809265137,2.1633230037369904,2.298577071596507,12.956592105947989,2.334083760053417,3.66842161221154,15.452084923644396
OH,39,East North Central,2021,8.800000190734863,2.174751743158577,2.391511302188447,12.970074297058344,2.3942522815198695,3.6425737012374246,15.464367240860089
OH,39,East North Central,2022,9.300000190734863,2.230014420668335,2.47232786758114,13.033073041923997,2.5680215564985067,3.72834052299485,15.497425398837466
OK,40,West South Central,2005,5.150000095367432,1.6389967331935924,1.8718021769015913,11.727714211901684,1.900613874140137,3.15016862685841,14.191162298098455
OK,40,West South Central,2006,5.150000095367432,1.6389967331935924,1.8931119634883424,11.73846614088416,1.925707441737794,3.15016862685841,14.223259722295602
OK,40,West South Central,2007,5.458767123287624,1.6972229626641218,1.9154509415706047,11.751706117063836,1.9600947840472698,3.1642084235258925,14.240052539877174
OK,40,West South Central,2008,6.157923698425293,1.8177396587833377,1.9643112344262046,11.775597374417842,2.0082140323914683,3.241028629509334,14.258753030406469
OK,40,West South Central,2009,6.858767123287659,1.925527705948917,2.0095554142156695,11.794413393258681,2.064327903869788,3.260401571696699,14.237721338056588
OK,40,West South Central,2010,7.25,1.9810014688665833,2.066862759472976,11.77012255640929,2.135349173618132,3.2809112157876537,14.210089964563169
OK,40,West South Central,2011,7.25,1.9810014688665833,2.1102132003465894,11.780659899612314,2.167910189667444,3.2928695047765273,14.219814992751687
OK,40,West South Central,2012,7.25,1.9810014688665833,2.1186622548331173,11.814584404352804,2.1713368063840917,3.3002714630721948,14.24071293175547
OK,40,West South Central,2013,7.25,1.9810014688665833,2.124653884501384,11.867307782849077,2.175887439948088,3.343215099123808,14.259465342852963
OK,40,West South Central,2014,7.25,1.9810014688665833,2.130609828254235,11.9030738689665,2.178155014615869,3.3509561652254085,14.271244102138727
OK,40,West South Central,2015,7.25,1.9810014688665833,2.138889000323256,11.944837743093242,2.189416394888408,3.3717685709713434,14.283718826514066
OK,40,West South Central,2016,7.25,1.9810014688665833,2.149433913499871,11.968703386951981,2.206074192613202,3.418054498728578,14.277286683936776
OK,40,West South Central,2017,7.25,1.9810014688665833,2.1598687907924505,11.962343660606855,2.2181159363675955,3.441699324971485,14.268495182040414
OK,40,West South Central,2018,7.25,1.9810014688665833,2.172476407647025,11.97628205149417,2.2300144001592104,3.4759955917373415,14.281989231848208
OK,40,West South Central,2019,7.25,1.9810014688665833,2.1972245773362196,11.9869211154855,2.258633205464863,3.4898185733156835,14.296324296862288
OK,40,West South Central,2020,7.25,1.9810014688665833,2.2235418856535927,11.94334331443397,2.2823823856765264,3.5313480661272005,14.261976844538292
OK,40,West South Central,2021,7.25,1.9810014688665833,2.2945529212967815,11.938323910785844,2.372111155642656,3.5729072778615154,14.258791546756663
OK,40,West South Central,2022,7.25,1.9810014688665833,2.355177543113216,11.964319504966793,2.3988039507345884,3.62886402170395,14.288503464864311
OR,41,Pacific,2005,7.25,1.9810014688665833,2.0980179272527715,11.843164026835922,2.1447610078004784,3.32862668882732,14.284751396359026
OR,41,Pacific,2006,7.5,2.0149030205422647,2.1294214739848565,11.879649744761963,2.180417459019838,3.401863826205316,14.315485525705995
OR,41,Pacific,2007,7.800000190734863,2.0541237581487333,2.163323025660538,11.91992273205647,2.21375387928743,3.451256581534892,14.335583295086927
OR,41,Pacific,2008,7.949999809265137,2.0731719046744335,2.190535589185423,11.949501568103445,2.2438960966453663,3.487069220736119,14.350095676174451
OR,41,Pacific,2009,8.399999618530273,2.1282316604362044,2.2126603854660587,11.911164527986653,2.265921108622454,3.5004392163118045,14.300704478332118
OR,41,Pacific,2010,8.399999618530273,2.1282316604362044,2.2192034840549946,11.887312617507531,2.2844211223663744,3.5248888540047054,14.266395076263299
OR,41,Pacific,2011,8.5,2.1400661634962708,2.2202898502672155,11.895599484777577,2.278292400425001,3.5112468868061133,14.277116525342253
OR,41,Pacific,2012,8.800000190734863,2.174751743158577,2.2300144001592104,11.903615287496239,2.2617630984737906,3.5333945512735414,14.291682623230386
OR,41,Pacific,2013,8.949999809265137,2.191653510975606,2.2375130962503307,11.941586130681582,2.247072383063787,3.5421180727185324,14.310389709900576
OR,41,Pacific,2014,9.100000381469728,2.2082744554425537,2.248128907197987,11.980739198142928,2.262804222982201,3.5709401562492498,14.336367697406668
OR,41,Pacific,2015,9.25,2.224623551524334,2.2731562823032334,12.009205817294184,2.329227023940467,3.6214032889890224,14.366644764477249
OR,41,Pacific,2016,9.501365661621094,2.251435542129752,2.322387720290225,12.047721489374798,2.3960754360813845,3.6301904577652566,14.398251179644163
OR,41,Pacific,2017,10.002055168151855,2.3027905886935436,2.367436065313662,12.074082921067221,2.4388627112865935,3.6858749450936377,14.420258125653632
OR,41,Pacific,2018,10.502055168151855,2.3515709683109782,2.4168062370840686,12.118333731222167,2.4807312783775197,3.6805952345262387,14.450016461079393
OR,41,Pacific,2019,11.002055168151855,2.398082088815522,2.4756977107026903,12.146641061760747,2.5384474167160302,3.714790835898437,14.460443908242501
OR,41,Pacific,2020,11.627049446105955,2.453334232374251,2.5209170873110334,11.951760872553498,2.605648267484129,3.751619483935122,14.407150899019983
OR,41,Pacific,2021,12.378082275390623,2.5159273502001223,2.6311691567662523,11.90537287599709,2.65745841498615,3.835141961092188,14.417293264175836
OR,41,Pacific,2022,13.128082275390623,2.574753620936846,2.6803363625346943,11.978607268566941,2.70805020110221,3.8426729272933526,14.455726260941733
PA,42,Middle Atlantic,2005,5.150000095367432,1.6389967331935924,1.937301774518713,13.030489287475886,1.9974177062012453,3.367640598133313,15.53278172631255
PA,42,Middle Atlantic,2006,5.150000095367432,1.6389967331935924,1.969905654611529,13.047833777916756,2.030776369698555,3.374168709274236,15.543889945915238
PA,42,Middle Atlantic,2007,6.703698635101318,1.9026594091713522,2.0228711901914416,13.060211339681903,2.081938421878423,3.4061849231731944,15.549476705958977
PA,42,Middle Atlantic,2008,7.150000095367432,1.9671123700440185,2.0731719286662407,13.077240480582368,2.138889000323256,3.4493524235492026,15.556883339256785
PA,42,Middle Atlantic,2009,7.1941094398498535,1.9732625578140808,2.105352923464337,13.055817509560429,2.192770226986839,3.498324092392878,15.533383056257064
PA,42,Middle Atlantic,2010,7.25,1.9810014688665833,2.138889000323256,13.041955603102078,2.224623551524334,3.5160130560907366,15.517203077600936
PA,42,Middle Atlantic,2011,7.25,1.9810014688665833,2.1610215286722587,13.047187142553446,2.2364452904895007,3.5304697173662944,15.529171539408962
PA,42,Middle Atlantic,2012,7.25,1.9810014688665833,2.166765369851511,13.061997472117886,2.234306252240751,3.5435646229490776,15.537648386642964
PA,42,Middle Atlantic,2013,7.25,1.9810014688665833,2.169053700369523,13.081624712745377,2.225704048658088,3.5473158897921495,15.54127622542517
PA,42,Middle Atlantic,2014,7.25,1.9810014688665833,2.169053700369523,13.092419501031257,2.2181159363675955,3.555633734966574,15.547845518285563
PA,42,Middle Atlantic,2015,7.25,1.9810014688665833,2.174751721484161,13.098009207535759,2.2235418856535927,3.5782271840103412,15.557638509183997
PA,42,Middle Atlantic,2016,7.25,1.9810014688665833,2.190535589185423,13.11883716762777,2.2512917986064953,3.60576954739093,15.564192017560385
PA,42,Middle Atlantic,2017,7.25,1.9810014688665833,2.2126603854660587,13.1256978119932,2.286455711064162,3.6317798620733637,15.57019274857443
PA,42,Middle Atlantic,2018,7.25,1.9810014688665833,2.2375130962503307,13.132472111552616,2.336019869080283,3.654288009344317,15.581557269430771
PA,42,Middle Atlantic,2019,7.25,1.9810014688665833,2.2700619012884857,13.14085141551646,2.372111155642656,3.672241812960913,15.590732364095054
PA,42,Middle Atlantic,2020,7.25,1.9810014688665833,2.3233676321765744,12.906617396470555,2.4150205223238337,3.687878953780353,15.522459862120801
PA,42,Middle Atlantic,2021,7.25,1.9810014688665833,2.4078456036515385,12.897969044188466,2.451005098112319,3.6519561000093383,15.53531025881625
PA,42,Middle Atlantic,2022,7.25,1.9810014688665833,2.492378664626701,13.02360325338015,2.5900171341906173,3.7240052560893107,15.575187509725474
RI,44,New England,2005,6.75,1.9095425048844386,2.0719132752590443,10.709293551235012,2.1186622548331173,3.4258899942525267,13.081145471188046
RI,44,New England,2006,7.043424606323242,1.952094501653446,2.105352923464337,10.70683352539415,2.149433913499871,3.456316680883235,13.086839821335282
RI,44,New England,2007,7.400000095367432,2.001480013097615,2.127040520479115,10.732039370102276,2.182674796321488,3.534562093729579,13.093696377388943
RI,44,New England,2008,7.400000095367432,2.001480013097615,2.1294214739848565,10.765110883067974,2.209372711271867,3.551913599040779,13.078244286764779
RI,44,New England,2009,7.400000095367432,2.001480013097615,2.1447610078004784,10.73509147624309,2.2192034840549946,3.5530597309714014,13.036282476478458
RI,44,New England,2010,7.400000095367432,2.001480013097615,2.163323025660538,10.711970331775978,2.2235418856535927,3.551340040091875,13.012883276785507
RI,44,New England,2011,7.400000095367432,2.001480013097615,2.1838015570040787,10.679826323982837,2.2267833795777636,3.580458705159516,13.019178271603502
RI,44,New England,2012,7.400000095367432,2.001480013097615,2.179286876649552,10.722826758333833,2.2159372862683733,3.6208682434973927,13.023691553600958
RI,44,New England,2013,7.75,2.0476928433652555,2.189416394888408,10.736614043149514,2.224623551524334,3.616846251214105,13.030467362699792
RI,44,New England,2014,8.0,2.0794415416798357,2.200552367428894,10.789937442399262,2.222459048514761,3.6331024386449378,13.0474889577586
RI,44,New England,2015,9.0,2.1972245773362196,2.2407096892759584,10.804867671674529,2.2512917986064953,3.652734007477583,13.063228894778804
RI,44,New England,2016,9.600000381469728,2.26176313821022,2.278292400425001,10.828936222195049,2.325324579963535,3.6998193941522706,13.071470003038105
RI,44,New England,2017,9.600000381469728,2.26176313821022,2.3398808777377424,10.82037810448225,2.431857428698185,3.68987895444702,13.072984039706254
RI,44,New England,2018,10.100000381469728,2.312535461616493,2.3997118037247684,10.80992994835547,2.4832385926873033,3.709906821306012,13.085761631759768
RI,44,New England,2019,10.5,2.3513752571634776,2.444084655267745,10.802021562821023,2.5321082512722946,3.717466910965849,13.088972040374601
RI,44,New England,2020,10.751365661621094,2.3750327847953256,2.4840729690394228,10.522180547171125,2.547098670044448,3.733613785454107,13.001121868116549
RI,44,New England,2021,11.5,2.4423470353692043,2.6108048166633746,10.621815031626372,2.6195832197798796,3.8588331769140267,13.034012922431652
RI,44,New England,2022,12.25,2.505525936990736,2.611539300721366,10.746562222079024,2.6347624053323777,3.887115369721961,13.080019391909858
SC,45,South Atlantic,2005,5.150000095367432,1.6389967331935924,1.8991179875485542,12.012063048941028,1.927164106234258,3.1793030497483774,14.404818287682772
SC,45,South Atlantic,2006,5.150000095367432,1.6389967331935924,1.9213246735826988,12.035640133128632,1.969905654611529,3.26804686887465,14.425379385123698
SC,45,South Atlantic,2007,5.458767123287624,1.6972229626641218,1.944480556245719,12.066235700342375,2.005525858729668,3.3068867021909143,14.44569131432776
SC,45,South Atlantic,2008,6.157923698425293,1.8177396587833377,1.9933388426264242,12.074025864609842,2.0373166153791646,3.322514859627687,14.453509655555559
SC,45,South Atlantic,2009,6.858767123287659,1.925527705948917,2.0268315914075385,12.043730171051532,2.0856720914304723,3.3214324131932926,14.404907037530291
SC,45,South Atlantic,2010,7.25,1.9810014688665833,2.081938421878423,12.016424313349757,2.1471001901536506,3.332918540908861,14.373307550035669
SC,45,South Atlantic,2011,7.25,1.9810014688665833,2.1114245875328868,12.044494449874119,2.172476407647025,3.3638415951183864,14.388115900870728
SC,45,South Atlantic,2012,7.25,1.9810014688665833,2.1126345090356,12.063875239820373,2.172476407647025,3.37314078387963,14.401378717043762
SC,45,South Atlantic,2013,7.25,1.9810014688665833,2.1150499691472033,12.09312788651404,2.175887439948088,3.3782698770184507,14.417704055392871
SC,45,South Atlantic,2014,7.25,1.9810014688665833,2.1186622548331173,12.123885974542226,2.178155014615869,3.4015306594522756,14.44490823936026
SC,45,South Atlantic,2015,7.25,1.9810014688665833,2.125847914493992,12.15714497190675,2.187174241482718,3.431079756144025,14.472066365624235
SC,45,South Atlantic,2016,7.25,1.9810014688665833,2.138889000323256,12.185053278306098,2.200552367428894,3.4613513044819024,14.498516489447328
SC,45,South Atlantic,2017,7.25,1.9810014688665833,2.149433913499871,12.210263850148642,2.21375387928743,3.4901235908565567,14.51337658722416
SC,45,South Atlantic,2018,7.25,1.9810014688665833,2.169053700369523,12.252622206183153,2.2289385528257473,3.5109482456212744,14.539322724835014
SC,45,South Atlantic,2019,7.25,1.9810014688665833,2.191653532286764,12.287145591556653,2.254444717666111,3.533102452542094,14.56113633016935
SC,45,South Atlantic,2020,7.25,1.9810014688665833,2.2267833795777636,12.16623974502845,2.280339484046726,3.5478917608129588,14.51625877729704
SC,45,South Atlantic,2021,7.25,1.9810014688665833,2.341805806147327,12.189739990909276,2.388762789235098,3.6179203651734424,14.54176847759002
SC,45,South Atlantic,2022,7.25,1.9810014688665833,2.373043556642607,12.249850267876061,2.4388627112865935,3.6747805297344347,14.58204759575227
SD,46,West North Central,2005,5.150000095367432,1.6389967331935924,1.9416152247724325,10.565144066004702,1.9473377010464987,3.005682604407159,12.83067328355501
SD,46,West North Central,2006,5.150000095367432,1.6389967331935924,1.9768549529047348,10.567720722931432,1.9919755158985601,3.075005454448499,12.851158146511343
SD,46,West North Central,2007,5.458767123287624,1.6972229626641218,2.0082140323914683,10.56048928645972,2.0320878452963655,3.125882958019036,12.872362371920236
SD,46,West North Central,2008,6.157923698425293,1.8177396587833377,2.050270164379556,10.559970748724481,2.0731719286662407,3.170105660498771,12.889068475033744
SD,46,West North Central,2009,6.858767123287659,1.925527705948917,2.057962510002712,10.567978023846269,2.1102132003465894,3.1742967814702334,12.88128495345375
SD,46,West North Central,2010,7.25,1.9810014688665833,2.1065702090680887,10.561784455660327,2.162172939277301,3.196630215920881,12.867703358872326
SD,46,West North Central,2011,7.25,1.9810014688665833,2.1435893615035875,10.560748454531664,2.191653532286764,3.2335673736111907,12.880724843453875
SD,46,West North Central,2012,7.25,1.9810014688665833,2.1471001901536506,10.577706723210554,2.186051276738094,3.2300135692786567,12.895914369081392
SD,46,West North Central,2013,7.25,1.9810014688665833,2.151762203259462,10.586331840100176,2.188295946591918,3.248822901236153,12.906667026725168
SD,46,West North Central,2014,7.25,1.9810014688665833,2.1587147225743437,10.600875727353328,2.190535589185423,3.284288963416433,12.922081495233382
SD,46,West North Central,2015,8.5,2.1400661634962708,2.2159372862683733,10.61521111866901,2.2332350148592526,3.3232358401924436,12.931832213817597
SD,46,West North Central,2016,8.550000190734863,2.14593130525684,2.2364452904895007,10.631277676539613,2.263844264677615,3.354455119110024,12.942087726317295
SD,46,West North Central,2017,8.649999618530273,2.1575592768432403,2.256541154492639,10.646138927999163,2.3105532626432224,3.363495514478144,12.946747288625376
SD,46,West North Central,2018,8.850000381469727,2.180417502123761,2.277267285009756,10.639694222556521,2.336986519711378,3.391820219849558,12.95349492049012
SD,46,West North Central,2019,9.100000381469728,2.2082744554425537,2.301584592660462,10.636336099947625,2.363680192353857,3.402196881995239,12.960173805427116
SD,46,West North Central,2020,9.300000190734863,2.230014420668335,2.343727036325221,10.517050253753231,2.3933394562625097,3.45883716110857,12.926956581061718
SD,46,West North Central,2021,9.449999809265137,2.2460147213220676,2.4150205223238337,10.557893904779643,2.444084655267745,3.506757877322648,12.950934281776798
SD,46,West North Central,2022,9.949999809265137,2.297572532001168,2.5376572151735295,10.614474651224404,2.5817308344235403,3.5709401562492498,12.983698832668058
TN,47,East South Central,2005,5.150000095367432,1.6389967331935924,1.9358598132018119,12.32314431711601,1.958685340544036,3.260401571696699,14.803779567229883
TN,47,East South Central,2006,5.150000095367432,1.6389967331935924,1.9530276168241774,12.354061523243622,1.9878743481543455,3.2805352052549286,14.81555770852753
TN,47,East South Central,2007,5.458767123287624,1.6972229626641218,1.969905654611529,12.380949895434892,2.012232791986386,3.3271919683516598,14.82318741697239
TN,47,East South Central,2008,6.157923698425293,1.8177396587833377,2.0095554142156695,12.379311411715744,2.048982334195127,3.3350575791576103,14.82921833954194
TN,47,East South Central,2009,6.858767123287659,1.925527705948917,2.0373166153791646,12.33288149239387,2.0980179272527715,3.3586377672433594,14.780644785919023
TN,47,East South Central,2010,7.25,1.9810014688665833,2.0906287310704004,12.313984902724568,2.155244505095337,3.3823542938606757,14.759190750467777
TN,47,East South Central,2011,7.25,1.9810014688665833,2.1174596088673567,12.335213162353265,2.1713368063840917,3.4216533902295376,14.771913912814174
TN,47,East South Central,2012,7.25,1.9810014688665833,2.1210632163706555,12.375941994384888,2.1713368063840917,3.4544221428994533,14.792813601199443
TN,47,East South Central,2013,7.25,1.9810014688665833,2.125847914493992,12.395824859814656,2.1736147116970854,3.4544221428994533,14.80878084932161
TN,47,East South Central,2014,7.25,1.9810014688665833,2.131796772013764,12.414183774010422,2.174751721484161,3.4741380060638707,14.826922360853724
TN,47,East South Central,2015,7.25,1.9810014688665833,2.138889000323256,12.44556187538047,2.187174241482718,3.453789831781326,14.850199247502626
TN,47,East South Central,2016,7.25,1.9810014688665833,2.1540850846756014,12.487673766415952,2.206074192613202,3.487069220736119,14.877818410340392
TN,47,East South Central,2017,7.25,1.9810014688665833,2.1701959049483,12.511312179720289,2.222459048514761,3.518091133133655,14.885637634553296
TN,47,East South Central,2018,7.25,1.9810014688665833,2.187174241482718,12.535160542040574,2.2375130962503307,3.5316406776874447,14.899658744021561
TN,47,East South Central,2019,7.25,1.9810014688665833,2.211565694606877,12.552106169868912,2.2617630984737906,3.5251833614431467,14.916689549829698
TN,47,East South Central,2020,7.25,1.9810014688665833,2.2460147415056513,12.438057001509865,2.2823823856765264,3.5507661519843023,14.881534225789139
TN,47,East South Central,2021,7.25,1.9810014688665833,2.372111155642656,12.440512156586236,2.3832429960115,3.559909072816976,14.909726530313282
TN,47,East South Central,2022,7.25,1.9810014688665833,2.410542234499138,12.507324727510655,2.4865719291070616,3.6304555339762192,14.953837027753908
TX,48,West South Central,2005,5.150000095367432,1.6389967331935924,1.8671761085128091,13.583969344782307,1.9080599249242156,3.4173987610001633,16.05882430055693
TX,48,West South Central,2006,5.150000095367432,1.6389967331935924,1.890095369948917,13.61608353326738,1.9358598132018119,3.441699324971485,16.093901314207923
TX,48,West South Central,2007,5.458767123287624,1.6972229626641218,1.916922612182061,13.656925058846904,1.986503546020567,3.487986511734546,16.124251663769655
TX,48,West South Central,2008,6.157923698425293,1.8177396587833377,1.969905654611529,13.689017197329564,2.0228711901914416,3.5136328109919437,16.156491023611814
TX,48,West South Central,2009,6.858767123287659,1.925527705948917,2.018895041811802,13.683132785378486,2.0781907597781832,3.5539184686798193,16.146609246967913
TX,48,West South Central,2010,7.25,1.9810014688665833,2.0781907597781832,13.66540833871688,2.138889000323256,3.566146688731639,16.127042508203186
TX,48,West South Central,2011,7.25,1.9810014688665833,2.1138429683971682,13.696513035116789,2.169053700369523,3.5890591188317256,16.148078635066675
TX,48,West South Central,2012,7.25,1.9810014688665833,2.1186622548331173,13.755707473593521,2.174751721484161,3.580737295494233,16.174419272011264
TX,48,West South Central,2013,7.25,1.9810014688665833,2.124653884501384,13.808284512872534,2.1849270495258133,3.6000482404073204,16.20555234544606
TX,48,West South Central,2014,7.25,1.9810014688665833,2.134166441369082,13.85287377781375,2.191653532286764,3.6152329139456376,16.234004932232892
TX,48,West South Central,2015,7.25,1.9810014688665833,2.145931282948669,13.894783738858782,2.2082744135228043,3.65402917667819,16.26414560835167
TX,48,West South Central,2016,7.25,1.9810014688665833,2.162172939277301,13.945169462174922,2.238579763018133,3.6826098411003407,16.278959461502083
TX,48,West South Central,2017,7.25,1.9810014688665833,2.180417459019838,13.961297790030255,2.2679936482244267,3.7106409458954492,16.29128227770283
TX,48,West South Central,2018,7.25,1.9810014688665833,2.203869120054888,13.965153952367647,2.2945529212967815,3.7259343620649474,16.309856682067853
TX,48,West South Central,2019,7.25,1.9810014688665833,2.224623551524334,13.977416799807294,2.309560706730471,3.7333746940004877,16.33571999945466
TX,48,West South Central,2020,7.25,1.9810014688665833,2.256541154492639,13.861725981761237,2.330200260027019,3.768845235751818,16.308911859155977
TX,48,West South Central,2021,7.25,1.9810014688665833,2.363680192353857,13.861735530078107,2.402430427963762,3.766071949943842,16.3190892942672
TX,48,West South Central,2022,7.25,1.9810014688665833,2.390595970316759,13.964490750975592,2.5384474167160302,3.8168328184243974,16.37990052822873
UT,49,Mountain,2005,5.150000095367432,1.6389967331935924,1.9629077254238845,11.323700131859479,2.0215475632609334,3.295836866004329,13.910120492654206
UT,49,Mountain,2006,5.150000095367432,1.6389967331935924,1.9947003132247452,11.33726169584034,2.046401687601636,3.3304171996011083,13.956159063747668
UT,49,Mountain,2007,5.458767123287624,1.6972229626641218,2.0360119837525,11.376074282221031,2.0943301541735866,3.407179453339703,14.002968898863381
UT,49,Mountain,2008,6.157923698425293,1.8177396587833377,2.0769384114617173,11.396616342569846,2.1329823086078656,3.4127965175055075,14.022784856113805
UT,49,Mountain,2009,6.858767123287659,1.925527705948917,2.0943301541735866,11.399308738183262,2.1736147116970854,3.4307561839036995,13.985902910559421
UT,49,Mountain,2010,7.25,1.9810014688665833,2.130609828254235,11.386568276093707,2.191653532286764,3.411807560774171,13.953984714977953
UT,49,Mountain,2011,7.25,1.9810014688665833,2.145931282948669,11.413105129688017,2.196112848483529,3.458207636378935,13.969072493086804
UT,49,Mountain,2012,7.25,1.9810014688665833,2.152924318439639,11.433124394766674,2.196112848483529,3.492864570187979,13.998540197341908
UT,49,Mountain,2013,7.25,1.9810014688665833,2.1564025828159643,11.460578984598019,2.1983350716202463,3.518980417318539,14.032788942767262
UT,49,Mountain,2014,7.25,1.9810014688665833,2.1644717908644115,11.509218603038901,2.209372711271867,3.519868911379654,14.062886128006909
UT,49,Mountain,2015,7.25,1.9810014688665833,2.172476407647025,11.564093751544627,2.2235418856535927,3.5269485869677157,14.09651538716273
UT,49,Mountain,2016,7.25,1.9810014688665833,2.196112848483529,11.602674757113837,2.255493485460195,3.563032744247961,14.133891559165326
UT,49,Mountain,2017,7.25,1.9810014688665833,2.2213750375685026,11.612861293582828,2.28949985344539,3.5959414584546674,14.15957532679833
UT,49,Mountain,2018,7.25,1.9810014688665833,2.255493485460195,11.619984537263637,2.329227023940467,3.610647605844363,14.191141692641441
UT,49,Mountain,2019,7.25,1.9810014688665833,2.2762411176544437,11.632928257364926,2.34660197841082,3.6176519448255684,14.223685324962043
UT,49,Mountain,2020,7.25,1.9810014688665833,2.3135250330323798,11.532826126676564,2.3523271848888596,3.6328380632303117,14.213628743409386
UT,49,Mountain,2021,7.25,1.9810014688665833,2.4176979000945504,11.613223186285593,2.4874035299865875,3.636796374243711,14.25677386242439
UT,49,Mountain,2022,7.25,1.9810014688665833,2.533696813957432,11.722294582862599,2.611539300721366,3.7133281345162463,14.302371304276432
VA,51,South Atlantic,2005,5.150000095367432,1.6389967331935924,1.9810014688665833,12.515834163124834,2.030776369698555,3.52311998561896,15.078365290026433
VA,51,South Atlantic,2006,5.150000095367432,1.6389967331935924,2.0068708488450007,12.544471596273663,2.0541237336955462,3.5997749790311153,15.098783332664214
VA,51,South Atlantic,2007,5.458767123287624,1.6972229626641218,2.0373166153791646,12.572935515856395,2.0918640616783932,3.6519561000093383,15.108957454306276
VA,51,South Atlantic,2008,6.157923698425293,1.8177396587833377,2.0693912058263346,12.598520056557035,2.1447610078004784,3.68987895444702,15.115969214357348
VA,51,South Atlantic,2009,6.858767123287659,1.925527705948917,2.089391872533004,12.603673578581537,2.182674796321488,3.7121075802331434,15.093529046789811
VA,51,South Atlantic,2010,7.25,1.9810014688665833,2.130609828254235,12.59378103204908,2.206074192613202,3.7247291070076334,15.076057438771667
VA,51,South Atlantic,2011,7.25,1.9810014688665833,2.150598735996164,12.61090421966473,2.2213750375685026,3.7567717201568547,15.083404192696134
VA,51,South Atlantic,2012,7.25,1.9810014688665833,2.1564025828159643,12.627673535547741,2.2202898502672155,3.7699985053987284,15.095638523236554
VA,51,South Atlantic,2013,7.25,1.9810014688665833,2.162172939277301,12.652615715396184,2.234306252240751,3.792563565390818,15.105139821793562
VA,51,South Atlantic,2014,7.25,1.9810014688665833,2.166765369851511,12.660645327745366,2.2332350148592526,3.7918872041881655,15.109823941331651
VA,51,South Atlantic,2015,7.25,1.9810014688665833,2.178155014615869,12.672099628388178,2.2502386126218363,3.8130862575681226,15.119088849494226
VA,51,South Atlantic,2016,7.25,1.9810014688665833,2.1938856760707046,12.708331680630039,2.2762411176544437,3.829727762701316,15.140075781264445
VA,51,South Atlantic,2017,7.25,1.9810014688665833,2.206074192613202,12.710175723535338,2.2844211223663744,3.846310462062765,15.147852830074804
VA,51,South Atlantic,2018,7.25,1.9810014688665833,2.231089091288976,12.723168569809523,2.321406847234633,3.8607297110405954,15.159116600731199
VA,51,South Atlantic,2019,7.25,1.9810014688665833,2.263844264677615,12.707696058531365,2.372111155642656,3.8645120227570944,15.171028651031788
VA,51,South Atlantic,2020,7.25,1.9810014688665833,2.3204250111223765,12.529351082650392,2.4176979000945504,3.900759813149435,15.124173052995282
VA,51,South Atlantic,2021,8.760273933410645,2.1702271753966627,2.411439497906128,12.565039959978758,2.4655539212721855,3.88936831486334,15.13812736054524
VA,51,South Atlantic,2022,11.0,2.3978952727983707,2.5360749363624,12.641096555879882,2.6188546222977394,3.9672684796541247,15.169555450243662
VT,50,New England,2005,7.0,1.9459101490553132,2.0930978681273213,10.097820021996219,2.1329823086078656,3.2472688993694185,12.603673578581537
VT,50,New England,2006,7.25,1.9810014688665833,2.127040520479115,10.105203156436717,2.175887439948088,3.2684276036974484,12.61023690790529
VT,50,New England,2007,7.53000020980835,2.0188950696747963,2.1598687907924505,10.105203156436717,2.2428350885882717,3.3138223021771545,12.615330551877035
VT,50,New England,2008,7.679999828338623,2.0386195248078387,2.192770226986839,10.143684858416165,2.3204250111223765,3.3484995926617063,12.615297344179487
VT,50,New England,2009,8.0600004196167,2.086913608580161,2.2159372862683733,10.106836476522158,2.3504224224082058,3.3714252233284854,12.591743126310158
VT,50,New England,2010,8.0600004196167,2.086913608580161,2.2267833795777636,10.07828084290929,2.3683728335320486,3.4058531931983493,12.567202650929145
VT,50,New England,2011,8.149999618530273,2.098017880446669,2.2321626286975,10.051045116893743,2.3398808777377424,3.3813347525659037,12.580494183006877
VT,50,New England,2012,8.460000038146973,2.1353491781272305,2.2438960966453663,10.053199825764455,2.3561258599220753,3.4147715016892732,12.591641121923882
VT,50,New England,2013,8.600000381469727,2.151762247616406,2.258633205464863,10.09575944018325,2.372111155642656,3.417726683613366,12.60582144664223
VT,50,New England,2014,8.729999542236328,2.166765317415808,2.277267285009756,10.171604469493069,2.39698576841553,3.4531571205928664,12.615031642892594
VT,50,New England,2015,9.149999618530272,2.2137538375967485,2.307572634505085,10.165082290224591,2.4397349311412793,3.493472657771326,12.62330162055858
VT,50,New England,2016,9.600000381469728,2.26176313821022,2.34660197841082,10.185654444299798,2.4765384001174837,3.5275363037051735,12.626984502627364
VT,50,New England,2017,10.0,2.302585092994046,2.395164274287139,10.163926888594034,2.5273273656719524,3.5052570515869337,12.628427646306607
VT,50,New England,2018,10.5,2.3513752571634776,2.4432162227337915,10.18716160359037,2.5915163848462583,3.5186840771178223,12.628755343255403
VT,50,New England,2019,10.779999732971191,2.3776925407100893,2.4765384001174837,10.176563472598547,2.6239436918052106,3.507357577490546,12.632320292820866
VT,50,New England,2020,10.960000038146973,2.394252285000433,2.517696472610991,9.897469480210566,2.66374994220563,3.5524868292083815,12.546394605306133
VT,50,New England,2021,11.75,2.463853240590168,2.626840145676667,9.905984432734716,2.667228206581955,3.6179203651734424,12.556694305255807
VT,50,New England,2022,12.550000190734863,2.5297206807757897,2.653241964607215,10.029238757841688,2.8160073426073025,3.654805473780185,12.588883063073531
WA,53,Pacific,2005,7.349999904632568,1.9947003002495844,2.136530508663963,12.326341477921119,2.157559320943788,3.536893097116055,14.791322244014202
WA,53,Pacific,2006,7.630000114440918,2.0320878602951753,2.1701959049483,12.374295277944627,2.2181159363675955,3.5745903077118086,14.822340104763862
WA,53,Pacific,2007,7.929999828338623,2.070653013999672,2.21375387928743,12.403159654524602,2.3085671646715933,3.617383452408866,14.849299840588374
WA,53,Pacific,2008,8.069999694824219,2.0881534444657746,2.2428350885882717,12.428696061597496,2.3135250330323798,3.6656108271745818,14.869442724656192
WA,53,Pacific,2009,8.550000190734863,2.14593130525684,2.256541154492639,12.401392688109786,2.3350522831315472,3.6896291730044823,14.841433867232077
WA,53,Pacific,2010,8.550000190734863,2.14593130525684,2.262804222982201,12.368956508431653,2.3523271848888596,3.6998193941522706,14.806248061735893
WA,53,Pacific,2011,8.670000076293945,2.1598687995922137,2.272125885509337,12.378638435875413,2.3804716316511167,3.720862499966987,14.816385055896967
WA,53,Pacific,2012,9.039999961853027,2.2016591701842874,2.281361456542419,12.380278021721871,2.355177543113216,3.7459684210980635,14.832218407010899
WA,53,Pacific,2013,9.1899995803833,2.218115890707453,2.2905125117597764,12.393920570449659,2.343727036325221,3.8416005411316,14.854797380547568
WA,53,Pacific,2014,9.31999969482422,2.232162595953317,2.3204250111223765,12.44122381596866,2.377692565480851,3.866816412590067,14.87965216751716
WA,53,Pacific,2015,9.470000267028809,2.2481289353953264,2.363680192353857,12.484991432311798,2.4292177439274116,3.894469846180557,14.908751781585595
WA,53,Pacific,2016,9.470000267028809,2.2481289353953264,2.402430427963762,12.553378839464806,2.462149662665384,3.8934516198427107,14.936246308120007
WA,53,Pacific,2017,11.0,2.3978952727983707,2.4664031782234406,12.578566803301639,2.512035317176253,3.9154172384961616,14.974468213774587
WA,53,Pacific,2018,11.5,2.4423470353692043,2.4997952622817508,12.592219009251938,2.5687881337687024,3.934371409091908,14.99697698314898
WA,53,Pacific,2019,12.0,2.4849066497880004,2.5556757206762075,12.611371073081239,2.681021528714291,4.01060056878914,15.01502644497325
WA,53,Pacific,2020,13.5,2.6026896854443837,2.6651427000909336,12.446584491005476,2.7376090033437546,4.075501474420621,14.977160241643688
WA,53,Pacific,2021,13.960000038146973,2.6361961000668175,2.6837575085331657,12.407256845489956,2.8183982582710754,4.114800570789483,14.980512777852134
WA,53,Pacific,2022,14.489999771118164,2.673458740536743,2.803360380906535,12.570993498322757,2.851284369188118,4.121311010451915,15.0408935203456
WI,55,East North Central,2005,5.472465515136719,1.6997292489124718,2.0068708488450007,12.352421541865311,2.0425181875752383,3.2906381910950917,14.818870331832068
WI,55,East North Central,2006,6.169041156768799,1.819543421751494,2.0268315914075385,12.370315088924222,2.060513531794317,3.3160025355989236,14.82500379551184
WI,55,East North Central,2007,6.5,1.8718021769015913,2.0554049638515948,12.37804921026914,2.096790180014449,3.34814816057234,14.833935406263354
WI,55,East North Central,2008,6.521994590759277,1.875180247983048,2.0781907597781832,12.385682194820655,2.1234584270966104,3.392829131991639,14.836770128800952
WI,55,East North Central,2009,6.858767123287659,1.925527705948917,2.0856720914304723,12.37589980474244,2.1435893615035875,3.410487428569248,14.804943939075013
WI,55,East North Central,2010,7.25,1.9810014688665833,2.1210632163706555,12.357677229662068,2.1713368063840917,3.4339872044851463,14.774377904112727
WI,55,East North Central,2011,7.25,1.9810014688665833,2.1400661634962708,12.34513869365317,2.1838015570040787,3.4436180975461075,14.788249673889098
WI,55,East North Central,2012,7.25,1.9810014688665833,2.149433913499871,12.34108419218605,2.1849270495258133,3.462919440290152,14.798816740850892
WI,55,East North Central,2013,7.25,1.9810014688665833,2.1540850846756014,12.343614734548657,2.190535589185423,3.475067230228611,14.81055331879057
WI,55,East North Central,2014,7.25,1.9810014688665833,2.1587147225743437,12.361921881993014,2.190535589185423,3.4769230921902907,14.819027976980498
WI,55,East North Central,2015,7.25,1.9810014688665833,2.169053700369523,12.370442361265994,2.2027647577118348,3.4974162394026984,14.834935328735364
WI,55,East North Central,2016,7.25,1.9810014688665833,2.190535589185423,12.402707936963587,2.2267833795777636,3.516607233172983,14.846917661994967
WI,55,East North Central,2017,7.25,1.9810014688665833,2.2181159363675955,12.407706513356501,2.253394848803274,3.5397992310997837,14.854079097743266
WI,55,East North Central,2018,7.25,1.9810014688665833,2.253394848803274,12.412354839768971,2.298577071596507,3.5675589188773804,14.862324161398497
WI,55,East North Central,2019,7.25,1.9810014688665833,2.2925347571405443,12.400857873739328,2.336019869080283,3.5937442589988975,14.869840009186836
WI,55,East North Central,2020,7.25,1.9810014688665833,2.344686269012681,12.20025576020861,2.377692565480851,3.624874124138024,14.812437052389383
WI,55,East North Central,2021,7.25,1.9810014688665833,2.4203681286504293,12.245581778624887,2.4309783077624445,3.6256733782101436,14.828880812522964
WI,55,East North Central,2022,7.25,1.9810014688665833,2.534490149976828,12.313221561047216,2.5974910105351463,3.676300671907076,14.851484740783441
WV,54,South Atlantic,2005,5.150000095367432,1.6389967331935924,1.8341801851120072,11.017316807009099,1.888583653863595,3.122364924487357,13.455100074147554
WV,54,South Atlantic,2006,5.5028767585754395,1.7052710025107316,1.851599469584072,11.028579474008616,1.9198594718553708,3.1557230098629323,13.47380867052593
WV,54,South Atlantic,2007,6.202876567840576,1.8250131470086308,1.9110228900548727,11.056588026488308,1.9712993830601329,3.2039652121324464,13.477559228023644
WV,54,South Atlantic,2008,6.901912689208984,1.9317985745246578,1.9782390361706734,11.083833426230909,2.020222182019865,3.1826266921930797,13.483862665458528
WV,54,South Atlantic,2009,7.25,1.9810014688665833,2.030776369698555,11.078906549444003,2.0731719286662407,3.233173129569025,13.464973879127664
WV,54,South Atlantic,2010,7.25,1.9810014688665833,2.0541237336955462,11.056588026488308,2.128231705849268,3.256942025674657,13.441791179416283
WV,54,South Atlantic,2011,7.25,1.9810014688665833,2.096790180014449,11.061311700836084,2.1598687907924505,3.282038399825841,13.459192693122356
WV,54,South Atlantic,2012,7.25,1.9810014688665833,2.102913897864978,11.068043624498273,2.1610215286722587,3.305787196857497,13.47378052331602
WV,54,South Atlantic,2013,7.25,1.9810014688665833,2.1065702090680887,11.091635806515093,2.166765369851511,3.3101779832749867,13.47221710968602
WV,54,South Atlantic,2014,7.25,1.9810014688665833,2.1090003439213802,11.092549744126309,2.169053700369523,3.365915567517516,13.469803814226939
WV,54,South Atlantic,2015,8.0,2.0794415416798357,2.155244505095337,11.082603980863198,2.2027647577118348,3.385067999732272,13.468785944878709
WV,54,South Atlantic,2016,8.75,2.169053700369523,2.2082744135228043,11.078597812176962,2.238579763018133,3.4008639927609177,13.455171767472219
WV,54,South Atlantic,2017,8.75,2.169053700369523,2.222459048514761,11.054217795466345,2.25758772706331,3.414113606928702,13.442314169186321
WV,54,South Atlantic,2018,8.75,2.169053700369523,2.238579763018133,11.055640608132267,2.2762411176544437,3.433664571799657,13.453995347383312
WV,54,South Atlantic,2019,8.75,2.169053700369523,2.2512917986064953,11.066169502444183,2.301584592660462,3.4452142670789296,13.46183112300534
WV,54,South Atlantic,2020,8.75,2.169053700369523,2.2679936482244267,10.911080442817068,2.3263016196113617,3.4613513044819024,13.384743026368863
WV,54,South Atlantic,2021,8.75,2.169053700369523,2.3456445824544927,10.94658713127398,2.3702437414678603,3.4001968813285717,13.396473769826015
WV,54,South Atlantic,2022,8.75,2.169053700369523,2.3561258599220753,10.983766134515733,2.3942522815198695,3.506457892319648,13.427079542411889
WY,56,Mountain,2005,5.150000095367432,1.6389967331935924,1.9154509415706047,10.103976413285531,1.9344157696295783,3.0091419604639085,12.435556057390563
WY,56,Mountain,2006,5.150000095367432,1.6389967331935924,1.9572739077056285,10.08539235583374,1.9740810260220096,3.068052935133617,12.477091657085415
WY,56,Mountain,2007,5.458767123287624,1.6972229626641218,2.005525858729668,10.091625494651522,2.0347056478384444,3.126760535960395,12.517849590986
WY,56,Mountain,2008,6.157923698425293,1.8177396587833377,2.0693912058263346,10.119002076685847,2.1162555148025524,3.2011191032789417,12.55665909212835
WY,56,Mountain,2009,6.858767123287659,1.925527705948917,2.1065702090680887,10.103567164251785,2.1736147116970854,3.228430037673012,12.551256822753409
WY,56,Mountain,2010,7.25,1.9810014688665833,2.152924318439639,10.0462883511678,2.192770226986839,3.2607852279454104,12.505843849079275
WY,56,Mountain,2011,7.25,1.9810014688665833,2.1815467646169897,10.054920256296338,2.206074192613202,3.285412348668445,12.515650740831175
WY,56,Mountain,2012,7.25,1.9810014688665833,2.190535589185423,10.114963298982655,2.1983350716202463,3.2891478778535324,12.535520267214423
WY,56,Mountain,2013,7.25,1.9810014688665833,2.194999882314108,10.11617664594648,2.199444334074532,3.2965773325320527,12.538644428118014
WY,56,Mountain,2014,7.25,1.9810014688665833,2.2027647577118348,10.128229825214035,2.2082744135228043,3.3079849999399764,12.552106169868912
WY,56,Mountain,2015,7.25,1.9810014688665833,2.2181159363675955,10.129825994746858,2.2353763433005955,3.332918540908861,12.5561307463666
WY,56,Mountain,2016,7.25,1.9810014688665833,2.2428350885882717,10.133805307598339,2.2935443483418965,3.3379025312898416,12.528590832817413
WY,56,Mountain,2017,7.25,1.9810014688665833,2.2679936482244267,10.109281465515226,2.3194422100604686,3.3683297780365384,12.498667629842599
WY,56,Mountain,2018,7.25,1.9810014688665833,2.28949985344539,10.13895485353917,2.34660197841082,3.401863826205316,12.503655542659217
WY,56,Mountain,2019,7.25,1.9810014688665833,2.3204250111223765,10.139349876258112,2.3767644911682972,3.4015306594522756,12.518471720518791
WY,56,Mountain,2020,7.25,1.9810014688665833,2.3561258599220753,10.04585479382305,2.405141681319138,3.3998631586490187,12.474915876095373
WY,56,Mountain,2021,7.25,1.9810014688665833,2.4150205223238337,10.083723602839061,2.462149662665384,3.392492941032009,12.470473296692585
WY,56,Mountain,2022,7.25,1.9810014688665833,2.477378383367209,10.082470208064567,2.554121718809473,3.507357577490546,12.499152623043548
